 ,County,County Code,Deaths,Population,Crude Rate,Crude Rate Standard Error,Age Adjusted Rate,Age Adjusted Rate Standard Error,% of Total Deaths
,"Autauga County, AL",1001,12,55504,Unreliable,6.2,Unreliable,6.1,0.00%
,"Baldwin County, AL",1003,39,212628,18.3,2.9,17,2.9,0.10%
,"Blount County, AL",1009,11,58013,Unreliable,5.7,Unreliable,6,0.00%
,"Calhoun County, AL",1015,29,114728,25.3,4.7,24.6,4.7,0.10%
,"Covington County, AL",1039,12,37092,Unreliable,9.3,Unreliable,9.4,0.00%
,"Cullman County, AL",1043,21,82755,25.4,5.5,24.7,5.6,0.00%
,"DeKalb County, AL",1049,20,71617,27.9,6.2,28.5,6.5,0.00%
,"Elmore County, AL",1051,14,81677,Unreliable,4.6,Unreliable,4.7,0.00%
,"Escambia County, AL",1053,12,37447,Unreliable,9.3,Unreliable,8.9,0.00%
,"Etowah County, AL",1055,15,102755,Unreliable,3.8,Unreliable,3.6,0.00%
,"Houston County, AL",1069,15,104346,Unreliable,3.7,Unreliable,3.7,0.00%
,"Jackson County, AL",1071,15,51909,Unreliable,7.5,Unreliable,7.2,0.00%
,"Jefferson County, AL",1073,109,659197,16.5,1.6,16.2,1.6,0.20%
,"Lauderdale County, AL",1077,12,92538,Unreliable,3.7,Unreliable,3.6,0.00%
,"Lee County, AL",1081,21,161604,13,2.8,13.3,3,0.00%
,"Limestone County, AL",1083,15,94402,Unreliable,4.1,Unreliable,3.9,0.00%
,"Madison County, AL",1089,57,361046,15.8,2.1,15,2.1,0.10%
,"Marshall County, AL",1095,17,95548,Unreliable,4.3,Unreliable,4.3,0.00%
,"Mobile County, AL",1097,64,413955,15.5,1.9,16.4,2.1,0.10%
,"Montgomery County, AL",1101,27,226646,11.9,2.3,11.7,2.3,0.10%
,"Morgan County, AL",1103,34,118818,28.6,4.9,26.3,4.7,0.10%
,"Russell County, AL",1113,11,57045,Unreliable,5.8,Unreliable,5.7,0.00%
,"St. Clair County, AL",1115,14,88199,Unreliable,4.2,Unreliable,4.4,0.00%
,"Shelby County, AL",1117,32,213605,15,2.6,15.6,2.8,0.10%
,"Talladega County, AL",1121,18,80065,Unreliable,5.3,Unreliable,5.5,0.00%
,"Tuscaloosa County, AL",1125,25,207811,12,2.4,11.7,2.4,0.10%
,"Walker County, AL",1127,20,64058,31.2,7,29.7,6.9,0.00%
,"Anchorage Borough, AK",2020,64,294356,21.7,2.7,21,2.7,0.10%
,"Fairbanks North Star Borough, AK",2090,26,99703,26.1,5.1,26.8,5.5,0.10%
,"Juneau Borough, AK",2110,10,32094,Unreliable,9.9,Unreliable,10.7,0.00%
,"Kenai Peninsula Borough, AK",2122,13,58617,Unreliable,6.2,Unreliable,6.2,0.00%
,"Matanuska-Susitna Borough, AK",2170,30,106532,28.2,5.1,29.5,5.5,0.10%
,"Wade Hampton Census Area, AK",2270,10,8202,Unreliable,38.6,Unreliable,35.4,0.00%
,"Apache County, AZ",4001,27,71606,37.7,7.3,43,8.5,0.10%
,"Cochise County, AZ",4003,37,124756,29.7,4.9,26.7,4.6,0.10%
,"Coconino County, AZ",4005,40,140776,28.4,4.5,29.2,4.8,0.10%
,"Gila County, AZ",4007,20,53501,37.4,8.4,38.4,9.5,0.00%
,"Graham County, AZ",4009,10,37466,Unreliable,8.4,Unreliable,8.8,0.00%
,"La Paz County, AZ",4012,13,20601,Unreliable,17.5,Unreliable,16.8,0.00%
,"Maricopa County, AZ",4013,678,4307033,15.7,0.6,15.3,0.6,1.40%
,"Mohave County, AZ",4015,68,207200,32.8,4,30.3,4.2,0.10%
,"Navajo County, AZ",4017,44,108956,40.4,6.1,45.1,7,0.10%
,"Pima County, AZ",4019,218,1022769,21.3,1.4,19.8,1.4,0.50%
,"Pinal County, AZ",4021,66,430237,15.3,1.9,14.9,1.9,0.10%
,"Yavapai County, AZ",4025,79,228168,34.6,3.9,30,4,0.20%
,"Yuma County, AZ",4027,22,207534,10.6,2.3,10.5,2.3,0.00%
,"Benton County, AR",5007,63,266300,23.7,3,23.8,3,0.10%
,"Boone County, AR",5009,13,37381,Unreliable,9.6,Unreliable,9.2,0.00%
,"Craighead County, AR",5031,18,107115,Unreliable,4,Unreliable,4,0.00%
,"Crawford County, AR",5033,15,62996,Unreliable,6.1,Unreliable,6.6,0.00%
,"Faulkner County, AR",5045,18,123654,Unreliable,3.4,Unreliable,3.4,0.00%
,"Garland County, AR",5051,33,98658,33.4,5.8,33.3,6.2,0.10%
,"Greene County, AR",5055,14,45053,Unreliable,8.3,Unreliable,8.7,0.00%
,"Hot Spring County, AR",5059,15,33574,Unreliable,11.5,Unreliable,13.3,0.00%
,"Independence County, AR",5063,11,37504,Unreliable,8.8,Unreliable,9.7,0.00%
,"Logan County, AR",5083,10,21722,Unreliable,14.6,Unreliable,15.7,0.00%
,"Lonoke County, AR",5085,18,72898,Unreliable,5.8,Unreliable,6.1,0.00%
,"Marion County, AR",5089,12,16428,Unreliable,21.1,Unreliable,18.7,0.00%
,"Miller County, AR",5091,15,43984,Unreliable,8.8,Unreliable,8.9,0.00%
,"Pope County, AR",5115,12,63835,Unreliable,5.4,Unreliable,6.3,0.00%
,"Pulaski County, AR",5119,67,393956,17,2.1,16.7,2.1,0.10%
,"Saline County, AR",5125,24,119323,20.1,4.1,19.8,4.1,0.10%
,"Sebastian County, AR",5131,24,128107,18.7,3.8,18.3,3.8,0.10%
,"Washington County, AR",5143,46,231996,19.8,2.9,20.3,3,0.10%
,"White County, AR",5145,15,79016,Unreliable,4.9,Unreliable,5.1,0.00%
,"Alameda County, CA",6001,143,1663190,8.6,0.7,8.2,0.7,0.30%
,"Butte County, CA",6007,42,229294,18.3,2.8,16.2,2.6,0.10%
,"Calaveras County, CA",6009,11,45670,Unreliable,7.3,Unreliable,7.2,0.00%
,"Contra Costa County, CA",6013,107,1147439,9.3,0.9,9.2,0.9,0.20%
,"El Dorado County, CA",6017,32,188987,16.9,3,15.6,3,0.10%
,"Fresno County, CA",6019,106,989255,10.7,1,11.1,1.1,0.20%
,"Humboldt County, CA",6023,22,136754,16.1,3.4,16.1,3.5,0.00%
,"Imperial County, CA",6025,18,182830,Unreliable,2.3,Unreliable,2.5,0.00%
,"Kern County, CA",6029,121,893119,13.5,1.2,14.1,1.3,0.30%
,"Kings County, CA",6031,24,150101,16,3.3,16.1,3.4,0.10%
,"Lake County, CA",6033,22,64246,34.2,7.3,33.1,7.6,0.00%
,"Los Angeles County, CA",6037,891,10163507,8.8,0.3,8.4,0.3,1.90%
,"Madera County, CA",6039,25,156890,15.9,3.2,16.5,3.4,0.10%
,"Marin County, CA",6041,44,260955,16.9,2.5,15.1,2.5,0.10%
,"Mendocino County, CA",6045,25,88018,28.4,5.7,25.9,5.5,0.10%
,"Merced County, CA",6047,21,272673,7.7,1.7,8.5,1.9,0.00%
,"Monterey County, CA",6053,35,437907,8,1.4,7.8,1.3,0.10%
,"Napa County, CA",6055,18,140973,Unreliable,3,Unreliable,2.8,0.00%
,"Nevada County, CA",6057,20,99814,20,4.5,17.7,4.4,0.00%
,"Orange County, CA",6059,327,3190400,10.2,0.6,9.7,0.5,0.70%
,"Placer County, CA",6061,49,386166,12.7,1.8,12,1.8,0.10%
,"Riverside County, CA",6065,272,2423266,11.2,0.7,11.1,0.7,0.60%
,"Sacramento County, CA",6067,213,1530615,13.9,1,13.4,0.9,0.50%
,"San Benito County, CA",6069,10,60310,Unreliable,5.2,Unreliable,5.5,0.00%
,"San Bernardino County, CA",6071,227,2157404,10.5,0.7,10.6,0.7,0.50%
,"San Diego County, CA",6073,432,3337685,12.9,0.6,12.3,0.6,0.90%
,"San Francisco County, CA",6075,101,884363,11.4,1.1,9.9,1,0.20%
,"San Joaquin County, CA",6077,83,745424,11.1,1.2,11.3,1.3,0.20%
,"San Luis Obispo County, CA",6079,56,283405,19.8,2.6,17.1,2.4,0.10%
,"San Mateo County, CA",6081,58,771410,7.5,1,7.2,1,0.10%
,"Santa Barbara County, CA",6083,58,448150,12.9,1.7,12.9,1.7,0.10%
,"Santa Clara County, CA",6085,142,1938153,7.3,0.6,7,0.6,0.30%
,"Santa Cruz County, CA",6087,43,275897,15.6,2.4,14.5,2.3,0.10%
,"Shasta County, CA",6089,54,179921,30,4.1,27.2,4,0.10%
,"Solano County, CA",6095,46,445458,10.3,1.5,9.8,1.5,0.10%
,"Sonoma County, CA",6097,69,504217,13.7,1.6,12.4,1.6,0.10%
,"Stanislaus County, CA",6099,56,547899,10.2,1.4,10.4,1.4,0.10%
,"Sutter County, CA",6101,14,96648,Unreliable,3.9,Unreliable,3.9,0.00%
,"Tehama County, CA",6103,12,63926,Unreliable,5.4,Unreliable,6,0.00%
,"Tulare County, CA",6107,53,464493,11.4,1.6,12.1,1.7,0.10%
,"Tuolumne County, CA",6109,14,54248,Unreliable,6.9,Unreliable,6,0.00%
,"Ventura County, CA",6111,94,854223,11,1.1,10.3,1.1,0.20%
,"Yolo County, CA",6113,23,219116,10.5,2.2,11,2.4,0.00%
,"Yuba County, CA",6115,16,77031,Unreliable,5.2,Unreliable,5.8,0.00%
,"Adams County, CO",8001,108,503167,21.5,2.1,21.4,2.1,0.20%
,"Arapahoe County, CO",8005,116,643052,18,1.7,17.9,1.7,0.20%
,"Boulder County, CO",8013,63,322514,19.5,2.5,18.5,2.4,0.10%
,"Denver County, CO",8031,132,704621,18.7,1.6,17.7,1.6,0.30%
,"Douglas County, CO",8035,51,335299,15.2,2.1,14.6,2.1,0.10%
,"Eagle County, CO",8037,13,54772,Unreliable,6.6,Unreliable,5.7,0.00%
,"El Paso County, CO",8041,178,699232,25.5,1.9,24.8,1.9,0.40%
,"Fremont County, CO",8043,16,47559,Unreliable,8.4,Unreliable,7.8,0.00%
,"Garfield County, CO",8045,11,59118,Unreliable,5.6,Unreliable,5.7,0.00%
,"Jefferson County, CO",8059,108,574613,18.8,1.8,17.9,1.8,0.20%
,"La Plata County, CO",8067,18,55589,Unreliable,7.6,Unreliable,8,0.00%
,"Larimer County, CO",8069,73,343976,21.2,2.5,21.2,2.5,0.20%
,"Mesa County, CO",8077,47,151616,31,4.5,28.8,4.4,0.10%
,"Montrose County, CO",8085,11,41784,Unreliable,7.9,Unreliable,8.7,0.00%
,"Pueblo County, CO",8101,52,166475,31.2,4.3,30.6,4.4,0.10%
,"Weld County, CO",8123,49,304633,16.1,2.3,17,2.5,0.10%
,"Fairfield County, CT",9001,79,949921,8.3,0.9,7.4,0.9,0.20%
,"Hartford County, CT",9003,107,895388,12,1.2,11.1,1.1,0.20%
,"Litchfield County, CT",9005,21,182177,11.5,2.5,11.9,2.8,0.00%
,"Middlesex County, CT",9007,21,163410,12.9,2.8,11,2.5,0.00%
,"New Haven County, CT",9009,103,860435,12,1.2,11.4,1.2,0.20%
,"New London County, CT",9011,35,269033,13,2.2,12.2,2.2,0.10%
,"Tolland County, CT",9013,24,151461,15.8,3.2,16.9,3.6,0.10%
,"Windham County, CT",9015,15,116359,Unreliable,3.3,Unreliable,3.4,0.00%
,"Kent County, DE",10001,21,176824,11.9,2.6,12.6,2.8,0.00%
,"New Castle County, DE",10003,61,559793,10.9,1.4,10.4,1.4,0.10%
,"Sussex County, DE",10005,30,225322,13.3,2.4,13.7,2.8,0.10%
,"District of Columbia, DC",11001,47,693972,6.8,1,6.6,1,0.10%
,"Alachua County, FL",12001,32,266944,12,2.1,12.1,2.3,0.10%
,"Bay County, FL",12005,45,183563,24.5,3.7,22.8,3.5,0.10%
,"Brevard County, FL",12009,142,589162,24.1,2,20.8,1.9,0.30%
,"Broward County, FL",12011,219,1935878,11.3,0.8,10.7,0.7,0.50%
,"Charlotte County, FL",12015,31,182033,17,3.1,15.3,3.4,0.10%
,"Citrus County, FL",12017,38,145647,26.1,4.2,21.4,4.4,0.10%
,"Clay County, FL",12019,38,212230,17.9,2.9,17.5,2.9,0.10%
,"Collier County, FL",12021,61,372880,16.4,2.1,15.8,2.2,0.10%
,"Columbia County, FL",12023,12,69612,Unreliable,5,Unreliable,4.8,0.00%
,"Duval County, FL",12031,158,937934,16.8,1.3,16.2,1.3,0.30%
,"Escambia County, FL",12033,78,313512,24.9,2.8,25.4,3,0.20%
,"Flagler County, FL",12035,31,110510,28.1,5,27.7,5.4,0.10%
,"Hernando County, FL",12053,34,186553,18.2,3.1,15.5,2.9,0.10%
,"Highlands County, FL",12055,28,102883,27.2,5.1,22,5.1,0.10%
,"Hillsborough County, FL",12057,193,1408566,13.7,1,12.8,0.9,0.40%
,"Indian River County, FL",12061,34,154383,22,3.8,23.1,4.6,0.10%
,"Lake County, FL",12069,87,346017,25.1,2.7,22.9,2.7,0.20%
,"Lee County, FL",12071,114,739224,15.4,1.4,13.6,1.4,0.20%
,"Leon County, FL",12073,35,290292,12.1,2,11.7,2,0.10%
,"Manatee County, FL",12081,68,385571,17.6,2.1,15,2,0.10%
,"Marion County, FL",12083,81,354353,22.9,2.5,21.8,2.7,0.20%
,"Martin County, FL",12085,26,159923,16.3,3.2,14.2,3.2,0.10%
,"Miami-Dade County, FL",12086,247,2751796,9,0.6,8.1,0.5,0.50%
,"Monroe County, FL",12087,20,77013,26,5.8,22.2,5.2,0.00%
,"Nassau County, FL",12089,13,82721,Unreliable,4.4,Unreliable,4.1,0.00%
,"Okaloosa County, FL",12091,46,202970,22.7,3.3,21.6,3.3,0.10%
,"Orange County, FL",12095,146,1348975,10.8,0.9,10.5,0.9,0.30%
,"Osceola County, FL",12097,44,352180,12.5,1.9,12.2,1.8,0.10%
,"Palm Beach County, FL",12099,205,1471150,13.9,1,12.1,0.9,0.40%
,"Pasco County, FL",12101,94,525643,17.9,1.8,16.3,1.8,0.20%
,"Pinellas County, FL",12103,178,970637,18.3,1.4,16.8,1.4,0.40%
,"Polk County, FL",12105,103,686483,15,1.5,14.2,1.4,0.20%
,"Putnam County, FL",12107,18,73464,Unreliable,5.8,Unreliable,5.8,0.00%
,"St. Johns County, FL",12109,48,243812,19.7,2.8,16.3,2.5,0.10%
,"St. Lucie County, FL",12111,48,313506,15.3,2.2,13.5,2.1,0.10%
,"Santa Rosa County, FL",12113,32,174272,18.4,3.2,17.4,3.2,0.10%
,"Sarasota County, FL",12115,90,419119,21.5,2.3,19.9,2.5,0.20%
,"Seminole County, FL",12117,57,462659,12.3,1.6,11.7,1.6,0.10%
,"Sumter County, FL",12119,17,125165,Unreliable,3.3,Unreliable,4.2,0.00%
,"Suwannee County, FL",12121,13,44190,Unreliable,8.2,Unreliable,8.5,0.00%
,"Volusia County, FL",12127,126,538692,23.4,2.1,23.5,2.2,0.30%
,"Walton County, FL",12131,13,68376,Unreliable,5.3,Unreliable,5,0.00%
,"Barrow County, GA",13013,11,79061,Unreliable,4.2,Unreliable,3.8,0.00%
,"Bartow County, GA",13015,10,105054,Unreliable,3,Unreliable,3.2,0.00%
,"Bibb County, GA",13021,26,152862,17,3.3,17.7,3.6,0.10%
,"Carroll County, GA",13045,24,117812,20.4,4.2,20.1,4.2,0.10%
,"Catoosa County, GA",13047,12,66550,Unreliable,5.2,Unreliable,5.6,0.00%
,"Chatham County, GA",13051,45,290501,15.5,2.3,14.5,2.2,0.10%
,"Cherokee County, GA",13057,35,247573,14.1,2.4,13.7,2.4,0.10%
,"Clarke County, GA",13059,16,127064,Unreliable,3.1,Unreliable,3.7,0.00%
,"Clayton County, GA",13063,28,285153,9.8,1.9,10.1,2,0.10%
,"Cobb County, GA",13067,94,755754,12.4,1.3,12.4,1.3,0.20%
,"Columbia County, GA",13073,25,151579,16.5,3.3,16.6,3.4,0.10%
,"Coweta County, GA",13077,20,143114,14,3.1,13.4,3,0.00%
,"DeKalb County, GA",13089,71,753253,9.4,1.1,9.4,1.1,0.20%
,"Dougherty County, GA",13095,10,89502,Unreliable,3.5,Unreliable,3.4,0.00%
,"Douglas County, GA",13097,18,143882,Unreliable,2.9,Unreliable,3.3,0.00%
,"Effingham County, GA",13103,19,59982,Unreliable,7.3,Unreliable,7.3,0.00%
,"Fayette County, GA",13113,16,112549,Unreliable,3.6,Unreliable,3.7,0.00%
,"Floyd County, GA",13115,19,97613,Unreliable,4.5,Unreliable,4.5,0.00%
,"Forsyth County, GA",13117,33,227967,14.5,2.5,14.8,2.6,0.10%
,"Franklin County, GA",13119,10,22820,Unreliable,13.9,Unreliable,11.7,0.00%
,"Fulton County, GA",13121,127,1041423,12.2,1.1,11.7,1.1,0.30%
,"Glynn County, GA",13127,14,85282,Unreliable,4.4,Unreliable,3.9,0.00%
,"Gwinnett County, GA",13135,92,920260,10,1,10.2,1.1,0.20%
,"Hall County, GA",13139,40,199335,20.1,3.2,19.7,3.2,0.10%
,"Henry County, GA",13151,24,225813,10.6,2.2,10.1,2.1,0.10%
,"Houston County, GA",13153,16,153479,Unreliable,2.6,Unreliable,2.6,0.00%
,"Jackson County, GA",13157,17,67519,Unreliable,6.1,Unreliable,6.2,0.00%
,"Lowndes County, GA",13185,13,115489,Unreliable,3.1,Unreliable,3.2,0.00%
,"Lumpkin County, GA",13187,11,32873,Unreliable,10.1,Unreliable,8.9,0.00%
,"Muscogee County, GA",13215,23,194058,11.9,2.5,11.5,2.4,0.00%
,"Newton County, GA",13217,20,108078,18.5,4.1,17.2,3.9,0.00%
,"Oconee County, GA",13219,10,38028,Unreliable,8.3,Unreliable,9.2,0.00%
,"Paulding County, GA",13223,18,159445,Unreliable,2.7,Unreliable,2.7,0.00%
,"Pickens County, GA",13227,10,31588,Unreliable,10,Unreliable,10.4,0.00%
,"Polk County, GA",13233,13,42085,Unreliable,8.6,Unreliable,9.1,0.00%
,"Richmond County, GA",13245,31,201800,15.4,2.8,16.1,3,0.10%
,"Rockdale County, GA",13247,13,90312,Unreliable,4,Unreliable,4.5,0.00%
,"Spalding County, GA",13255,10,65380,Unreliable,4.8,Unreliable,5.1,0.00%
,"Troup County, GA",13285,10,69786,Unreliable,4.5,Unreliable,4.4,0.00%
,"Walton County, GA",13297,14,91600,Unreliable,4.1,Unreliable,4,0.00%
,"Whitfield County, GA",13313,17,104658,Unreliable,3.9,Unreliable,4.2,0.00%
,"Hawaii County, HI",15001,41,200381,20.5,3.2,20.1,3.3,0.10%
,"Honolulu County, HI",15003,125,988650,12.6,1.1,12.1,1.1,0.30%
,"Kauai County, HI",15007,26,72159,36,7.1,34.9,7.1,0.10%
,"Maui County, HI",15009,35,166260,21.1,3.6,20.6,3.6,0.10%
,"Ada County, ID",16001,86,456849,18.8,2,18.4,2,0.20%
,"Bannock County, ID",16005,25,85269,29.3,5.9,31,6.3,0.10%
,"Bonner County, ID",16017,12,43560,Unreliable,8,Unreliable,8.4,0.00%
,"Bonneville County, ID",16019,30,114595,26.2,4.8,29.6,5.5,0.10%
,"Canyon County, ID",16027,48,216699,22.2,3.2,22.9,3.4,0.10%
,"Cassia County, ID",16031,10,23664,Unreliable,13.4,Unreliable,15,0.00%
,"Kootenai County, ID",16055,32,157637,20.3,3.6,19.8,3.6,0.10%
,"Twin Falls County, ID",16083,25,85124,29.4,5.9,29.8,6.1,0.10%
,"Adams County, IL",17001,15,66234,Unreliable,5.8,Unreliable,6.9,0.00%
,"Champaign County, IL",17019,23,209399,11,2.3,10.6,2.3,0.00%
,"Cook County, IL",17031,464,5211263,8.9,0.4,8.5,0.4,1.00%
,"DeKalb County, IL",17037,17,104733,Unreliable,3.9,Unreliable,4.6,0.00%
,"DuPage County, IL",17043,89,930128,9.6,1,9.2,1,0.20%
,"Jackson County, IL",17077,13,58284,Unreliable,6.2,Unreliable,6.3,0.00%
,"Kane County, IL",17089,45,534667,8.4,1.3,8.2,1.2,0.10%
,"Kankakee County, IL",17091,15,109605,Unreliable,3.5,Unreliable,3.6,0.00%
,"Kendall County, IL",17093,10,126218,Unreliable,2.5,Unreliable,2.5,0.00%
,"Lake County, IL",17097,71,703520,10.1,1.2,10,1.2,0.20%
,"LaSalle County, IL",17099,15,110067,Unreliable,3.5,Unreliable,3.8,0.00%
,"Livingston County, IL",17105,10,36518,Unreliable,8.7,Unreliable,9.3,0.00%
,"McHenry County, IL",17111,38,309122,12.3,2,12.6,2.1,0.10%
,"McLean County, IL",17113,20,172290,11.6,2.6,12.4,2.8,0.00%
,"Macon County, IL",17115,13,105801,Unreliable,3.4,Unreliable,3.3,0.00%
,"Macoupin County, IL",17117,10,45446,Unreliable,7,Unreliable,6.8,0.00%
,"Madison County, IL",17119,52,265428,19.6,2.7,18.9,2.7,0.10%
,"Marion County, IL",17121,10,37902,Unreliable,8.3,Unreliable,9.9,0.00%
,"Peoria County, IL",17143,33,183011,18,3.1,17.9,3.2,0.10%
,"Rock Island County, IL",17161,18,144808,Unreliable,2.9,Unreliable,2.8,0.00%
,"St. Clair County, IL",17163,42,262479,16,2.5,16.2,2.5,0.10%
,"Sangamon County, IL",17167,39,196452,19.9,3.2,19.6,3.2,0.10%
,"Tazewell County, IL",17179,19,133526,Unreliable,3.3,Unreliable,3.5,0.00%
,"Will County, IL",17197,92,692661,13.3,1.4,13.2,1.4,0.20%
,"Winnebago County, IL",17201,36,284778,12.6,2.1,11.6,2,0.10%
,"Allen County, IN",18003,64,372877,17.2,2.1,17,2.2,0.10%
,"Bartholomew County, IN",18005,16,82040,Unreliable,4.9,Unreliable,5.3,0.00%
,"Boone County, IN",18011,11,65875,Unreliable,5,Unreliable,5.4,0.00%
,"Cass County, IN",18017,11,37994,Unreliable,8.7,Unreliable,9.4,0.00%
,"Clark County, IN",18019,16,116973,Unreliable,3.4,Unreliable,3.6,0.00%
,"Dearborn County, IN",18029,18,49741,Unreliable,8.5,Unreliable,9.5,0.00%
,"Delaware County, IN",18035,18,115184,Unreliable,3.7,Unreliable,4.1,0.00%
,"Elkhart County, IN",18039,32,205032,15.6,2.8,16.5,3,0.10%
,"Floyd County, IN",18043,11,77071,Unreliable,4.3,Unreliable,4.2,0.00%
,"Grant County, IN",18053,17,66491,Unreliable,6.2,Unreliable,6.6,0.00%
,"Hamilton County, IN",18057,35,323747,10.8,1.8,11.1,1.9,0.10%
,"Hancock County, IN",18059,11,74985,Unreliable,4.4,Unreliable,4.1,0.00%
,"Hendricks County, IN",18063,21,163685,12.8,2.8,12.2,2.7,0.00%
,"Howard County, IN",18067,16,82363,Unreliable,4.9,Unreliable,5.3,0.00%
,"Jackson County, IN",18071,11,43884,Unreliable,7.6,Unreliable,8.2,0.00%
,"Jefferson County, IN",18077,11,32089,Unreliable,10.3,Unreliable,10,0.00%
,"Johnson County, IN",18081,26,153897,16.9,3.3,16.4,3.3,0.10%
,"Lake County, IN",18089,72,485640,14.8,1.7,14.9,1.8,0.20%
,"La Porte County, IN",18091,19,110029,Unreliable,4,Unreliable,3.9,0.00%
,"Lawrence County, IN",18093,10,45666,Unreliable,6.9,Unreliable,6.3,0.00%
,"Madison County, IN",18095,28,129498,21.6,4.1,22.5,4.3,0.10%
,"Marion County, IN",18097,132,950082,13.9,1.2,13.7,1.2,0.30%
,"Monroe County, IN",18105,15,146986,Unreliable,2.6,Unreliable,2.8,0.00%
,"Morgan County, IN",18109,18,69713,Unreliable,6.1,Unreliable,6.2,0.00%
,"Porter County, IN",18127,36,168404,21.4,3.6,21.1,3.6,0.10%
,"Putnam County, IN",18133,10,37702,Unreliable,8.4,Unreliable,8.3,0.00%
,"Ripley County, IN",18137,11,28442,Unreliable,11.7,Unreliable,10.6,0.00%
,"St. Joseph County, IN",18141,33,270434,12.2,2.1,12,2.1,0.10%
,"Tippecanoe County, IN",18157,30,190587,15.7,2.9,17.1,3.3,0.10%
,"Vanderburgh County, IN",18163,43,181616,23.7,3.6,22.5,3.5,0.10%
,"Vigo County, IN",18167,21,107516,19.5,4.3,19.8,4.4,0.00%
,"Warrick County, IN",18173,13,62530,Unreliable,5.8,Unreliable,6.6,0.00%
,"Wayne County, IN",18177,18,66185,Unreliable,6.4,Unreliable,6.5,0.00%
,"Black Hawk County, IA",19013,13,132648,Unreliable,2.7,Unreliable,2.9,0.00%
,"Clinton County, IA",19045,12,47010,Unreliable,7.4,Unreliable,8.1,0.00%
,"Dallas County, IA",19049,10,87235,Unreliable,3.6,Unreliable,3.9,0.00%
,"Des Moines County, IA",19057,11,39417,Unreliable,8.4,Unreliable,9.6,0.00%
,"Dubuque County, IA",19061,16,97041,Unreliable,4.1,Unreliable,4.1,0.00%
,"Johnson County, IA",19103,23,149210,15.4,3.2,15.2,3.3,0.00%
,"Lee County, IA",19111,10,34295,Unreliable,9.2,Unreliable,9.9,0.00%
,"Linn County, IA",19113,34,224115,15.2,2.6,14.4,2.5,0.10%
,"Polk County, IA",19153,72,481830,14.9,1.8,14.9,1.8,0.20%
,"Pottawattamie County, IA",19155,18,93386,Unreliable,4.5,Unreliable,4.8,0.00%
,"Scott County, IA",19163,33,172509,19.1,3.3,18.1,3.2,0.10%
,"Woodbury County, IA",19193,16,102429,Unreliable,3.9,Unreliable,4.3,0.00%
,"Butler County, KS",20015,18,66878,Unreliable,6.3,Unreliable,6.9,0.00%
,"Douglas County, KS",20045,17,120793,Unreliable,3.4,Unreliable,3.5,0.00%
,"Geary County, KS",20061,10,33855,Unreliable,9.3,Unreliable,9.7,0.00%
,"Johnson County, KS",20091,105,591178,17.8,1.7,17.7,1.8,0.20%
,"Leavenworth County, KS",20103,13,81095,Unreliable,4.4,Unreliable,4.3,0.00%
,"Miami County, KS",20121,12,33461,Unreliable,10.4,Unreliable,9.5,0.00%
,"Reno County, KS",20155,10,62510,Unreliable,5.1,Unreliable,5.4,0.00%
,"Saline County, KS",20169,10,54734,Unreliable,5.8,Unreliable,6,0.00%
,"Sedgwick County, KS",20173,106,513687,20.6,2,21.3,2.1,0.20%
,"Shawnee County, KS",20177,41,178187,23,3.6,23.7,3.8,0.10%
,"Wyandotte County, KS",20209,26,165288,15.7,3.1,15,3,0.10%
,"Barren County, KY",21009,14,43801,Unreliable,8.5,Unreliable,8.1,0.00%
,"Boone County, KY",21015,22,130728,16.8,3.6,16.9,3.7,0.00%
,"Boyle County, KY",21021,10,29924,Unreliable,10.6,Unreliable,9,0.00%
,"Bullitt County, KY",21029,21,80246,26.2,5.7,25.7,5.7,0.00%
,"Campbell County, KY",21037,10,92488,Unreliable,3.4,Unreliable,3.2,0.00%
,"Christian County, KY",21047,13,70416,Unreliable,5.1,Unreliable,5.3,0.00%
,"Daviess County, KY",21059,18,100374,Unreliable,4.2,Unreliable,4.3,0.00%
,"Fayette County, KY",21067,45,321959,14,2.1,13.6,2.1,0.10%
,"Graves County, KY",21083,10,37121,Unreliable,8.5,Unreliable,7.9,0.00%
,"Hardin County, KY",21093,13,108071,Unreliable,3.3,Unreliable,3.4,0.00%
,"Henderson County, KY",21101,15,45928,Unreliable,8.4,Unreliable,8.6,0.00%
,"Hopkins County, KY",21107,10,45547,Unreliable,6.9,Unreliable,7.7,0.00%
,"Jefferson County, KY",21111,127,771158,16.5,1.5,16.3,1.5,0.30%
,"Jessamine County, KY",21113,11,53375,Unreliable,6.2,Unreliable,6.5,0.00%
,"Kenton County, KY",21117,23,165399,13.9,2.9,12.6,2.7,0.00%
,"Laurel County, KY",21125,14,60174,Unreliable,6.2,Unreliable,6.4,0.00%
,"McCracken County, KY",21145,12,65385,Unreliable,5.3,Unreliable,6,0.00%
,"Madison County, KY",21151,17,91226,Unreliable,4.5,Unreliable,5,0.00%
,"Nelson County, KY",21179,12,45640,Unreliable,7.6,Unreliable,7.9,0.00%
,"Pulaski County, KY",21199,10,64449,Unreliable,4.9,Unreliable,4.1,0.00%
,"Warren County, KY",21227,20,128845,15.5,3.5,16.3,3.7,0.00%
,"Acadia Parish, LA",22001,10,62590,Unreliable,5.1,Unreliable,4.9,0.00%
,"Ascension Parish, LA",22005,17,122948,Unreliable,3.4,Unreliable,3.5,0.00%
,"Bossier Parish, LA",22015,19,127634,Unreliable,3.4,Unreliable,3.3,0.00%
,"Caddo Parish, LA",22017,37,246581,15,2.5,14.4,2.4,0.10%
,"Calcasieu Parish, LA",22019,33,202445,16.3,2.8,16.4,2.9,0.10%
,"East Baton Rouge Parish, LA",22033,55,446268,12.3,1.7,12.8,1.8,0.10%
,"Iberia Parish, LA",22045,11,72176,Unreliable,4.6,Unreliable,4.9,0.00%
,"Jefferson Parish, LA",22051,67,439036,15.3,1.9,14.7,1.9,0.10%
,"Lafayette Parish, LA",22055,35,242485,14.4,2.4,14.2,2.4,0.10%
,"Lafourche Parish, LA",22057,20,98426,20.3,4.5,20.7,4.7,0.00%
,"Livingston Parish, LA",22063,19,138228,Unreliable,3.2,Unreliable,3.2,0.00%
,"Orleans Parish, LA",22071,56,393292,14.2,1.9,13.4,1.8,0.10%
,"Ouachita Parish, LA",22073,21,155874,13.5,2.9,13.9,3.1,0.00%
,"Rapides Parish, LA",22079,16,131648,Unreliable,3,Unreliable,3.3,0.00%
,"Sabine Parish, LA",22085,10,24018,Unreliable,13.2,Unreliable,12.3,0.00%
,"St. Bernard Parish, LA",22087,10,46202,Unreliable,6.8,Unreliable,7.7,0.00%
,"St. Charles Parish, LA",22089,11,52749,Unreliable,6.3,Unreliable,6.6,0.00%
,"St. Landry Parish, LA",22097,21,83497,25.2,5.5,27.2,6,0.00%
,"St. Tammany Parish, LA",22103,38,256327,14.8,2.4,14.3,2.4,0.10%
,"Tangipahoa Parish, LA",22105,23,132497,17.4,3.6,17.6,3.7,0.00%
,"Terrebonne Parish, LA",22109,15,112086,Unreliable,3.5,Unreliable,3.3,0.00%
,"Vermilion Parish, LA",22113,15,60136,Unreliable,6.4,Unreliable,6.7,0.00%
,"Vernon Parish, LA",22115,13,50726,Unreliable,7.1,Unreliable,7.1,0.00%
,"Androscoggin County, ME",23001,20,107651,18.6,4.2,19.1,4.4,0.00%
,"Aroostook County, ME",23003,10,67653,Unreliable,4.7,Unreliable,4.3,0.00%
,"Cumberland County, ME",23005,44,292500,15,2.3,13.5,2.1,0.10%
,"Kennebec County, ME",23011,28,121821,23,4.3,19.9,3.9,0.10%
,"Oxford County, ME",23017,15,57439,Unreliable,6.7,Unreliable,6.8,0.00%
,"Penobscot County, ME",23019,34,151957,22.4,3.8,20.5,3.7,0.10%
,"Sagadahoc County, ME",23023,12,35392,Unreliable,9.8,Unreliable,10.1,0.00%
,"Somerset County, ME",23025,17,50626,Unreliable,8.1,Unreliable,8.7,0.00%
,"York County, ME",23031,43,204191,21.1,3.2,18.2,3,0.10%
,"Allegany County, MD",24001,15,71615,Unreliable,5.4,Unreliable,5.6,0.00%
,"Anne Arundel County, MD",24003,95,573235,16.6,1.7,15.8,1.7,0.20%
,"Baltimore County, MD",24005,86,832468,10.3,1.1,9.9,1.1,0.20%
,"Calvert County, MD",24009,11,91502,Unreliable,3.6,Unreliable,4.1,0.00%
,"Carroll County, MD",24013,24,167781,14.3,2.9,14,3,0.10%
,"Cecil County, MD",24015,23,102746,22.4,4.7,20.8,4.5,0.00%
,"Charles County, MD",24017,18,159700,Unreliable,2.7,Unreliable,2.5,0.00%
,"Frederick County, MD",24021,28,252022,11.1,2.1,10.3,2,0.10%
,"Harford County, MD",24025,22,252160,8.7,1.9,8,1.8,0.00%
,"Howard County, MD",24027,27,321113,8.4,1.6,7.8,1.5,0.10%
,"Montgomery County, MD",24031,66,1058810,6.2,0.8,5.9,0.7,0.10%
,"Prince George's County, MD",24033,62,912756,6.8,0.9,6.5,0.8,0.10%
,"St. Mary's County, MD",24037,18,112667,Unreliable,3.8,Unreliable,3.5,0.00%
,"Washington County, MD",24043,23,150578,15.3,3.2,14.7,3.1,0.00%
,"Wicomico County, MD",24045,12,102923,Unreliable,3.4,Unreliable,3.4,0.00%
,"Baltimore city, MD",24510,61,611648,10,1.3,9.4,1.2,0.10%
,"Barnstable County, MA",25001,31,213444,14.5,2.6,16.8,3.3,0.10%
,"Berkshire County, MA",25003,21,126313,16.6,3.6,16.7,3.9,0.00%
,"Bristol County, MA",25005,71,561483,12.6,1.5,11.8,1.4,0.20%
,"Essex County, MA",25009,93,785205,11.8,1.2,11.9,1.3,0.20%
,"Hampden County, MA",25013,53,469818,11.3,1.5,10.9,1.5,0.10%
,"Hampshire County, MA",25015,17,161834,Unreliable,2.5,Unreliable,2.9,0.00%
,"Middlesex County, MA",25017,161,1602947,10,0.8,9.2,0.7,0.30%
,"Norfolk County, MA",25021,56,700322,8,1.1,7.7,1.1,0.10%
,"Plymouth County, MA",25023,45,515142,8.7,1.3,9,1.4,0.10%
,"Suffolk County, MA",25025,35,797939,4.4,0.7,4,0.7,0.10%
,"Worcester County, MA",25027,89,826116,10.8,1.1,10.6,1.1,0.20%
,"Allegan County, MI",26005,15,116447,Unreliable,3.3,Unreliable,3.5,0.00%
,"Alpena County, MI",26007,12,28462,Unreliable,12.2,Unreliable,10.6,0.00%
,"Bay County, MI",26017,20,104239,19.2,4.3,17.3,4.1,0.00%
,"Berrien County, MI",26021,25,154259,16.2,3.2,15.2,3.2,0.10%
,"Calhoun County, MI",26025,31,134128,23.1,4.2,25,4.6,0.10%
,"Cass County, MI",26027,15,51381,Unreliable,7.5,Unreliable,7.8,0.00%
,"Clinton County, MI",26037,13,78443,Unreliable,4.6,Unreliable,4.4,0.00%
,"Crawford County, MI",26039,10,13907,Unreliable,22.7,Unreliable,29.2,0.00%
,"Eaton County, MI",26045,24,109027,22,4.5,23.1,4.9,0.10%
,"Genesee County, MI",26049,64,407385,15.7,2,14.8,1.9,0.10%
,"Grand Traverse County, MI",26055,18,91807,Unreliable,4.6,Unreliable,4.7,0.00%
,"Ingham County, MI",26065,39,290186,13.4,2.2,13,2.2,0.10%
,"Ionia County, MI",26067,16,64291,Unreliable,6.2,Unreliable,6.2,0.00%
,"Isabella County, MI",26073,13,71063,Unreliable,5.1,Unreliable,6,0.00%
,"Jackson County, MI",26075,19,158640,Unreliable,2.7,Unreliable,2.6,0.00%
,"Kalamazoo County, MI",26077,33,262985,12.5,2.2,13.1,2.3,0.10%
,"Kent County, MI",26081,77,648594,11.9,1.4,11.8,1.4,0.20%
,"Lapeer County, MI",26087,14,88174,Unreliable,4.2,Unreliable,4.3,0.00%
,"Livingston County, MI",26093,26,189651,13.7,2.7,12.8,2.6,0.10%
,"Macomb County, MI",26099,129,871375,14.8,1.3,13.8,1.3,0.30%
,"Marquette County, MI",26103,16,66502,Unreliable,6,Unreliable,6.3,0.00%
,"Mason County, MI",26105,10,29073,Unreliable,10.9,Unreliable,11.1,0.00%
,"Mecosta County, MI",26107,12,43391,Unreliable,8,Unreliable,8.3,0.00%
,"Monroe County, MI",26115,22,149649,14.7,3.1,14.4,3.2,0.00%
,"Montcalm County, MI",26117,12,63550,Unreliable,5.5,Unreliable,5.7,0.00%
,"Muskegon County, MI",26121,32,173693,18.4,3.3,17.9,3.3,0.10%
,"Newaygo County, MI",26123,12,48242,Unreliable,7.2,Unreliable,6.9,0.00%
,"Oakland County, MI",26125,148,1250836,11.8,1,10.8,0.9,0.30%
,"Ottawa County, MI",26139,25,286383,8.7,1.7,8.1,1.7,0.10%
,"Roscommon County, MI",26143,11,23895,Unreliable,13.9,Unreliable,12.7,0.00%
,"Saginaw County, MI",26145,30,191934,15.6,2.9,15.3,2.9,0.10%
,"St. Clair County, MI",26147,32,159350,20.1,3.5,19,3.6,0.10%
,"St. Joseph County, MI",26149,12,60947,Unreliable,5.7,Unreliable,6.1,0.00%
,"Shiawassee County, MI",26155,18,68446,Unreliable,6.2,Unreliable,6.1,0.00%
,"Tuscola County, MI",26157,10,52764,Unreliable,6,Unreliable,6.8,0.00%
,"Van Buren County, MI",26159,13,75353,Unreliable,4.8,Unreliable,4.8,0.00%
,"Washtenaw County, MI",26161,42,367627,11.4,1.8,12.5,2,0.10%
,"Wayne County, MI",26163,203,1753616,11.6,0.8,11.8,0.8,0.40%
,"Anoka County, MN",27003,48,351373,13.7,2,12.6,1.9,0.10%
,"Benton County, MN",27009,10,39937,Unreliable,7.9,Unreliable,7.7,0.00%
,"Carver County, MN",27019,17,102119,Unreliable,4,Unreliable,3.9,0.00%
,"Clay County, MN",27027,13,63569,Unreliable,5.7,Unreliable,6,0.00%
,"Crow Wing County, MN",27035,11,64424,Unreliable,5.1,Unreliable,5.4,0.00%
,"Dakota County, MN",27037,59,421751,14,1.8,14.1,1.9,0.10%
,"Hennepin County, MN",27053,155,1252024,12.4,1,11.7,1,0.30%
,"Itasca County, MN",27061,14,45137,Unreliable,8.3,Unreliable,8.9,0.00%
,"Olmsted County, MN",27109,11,154930,Unreliable,2.1,Unreliable,2.2,0.00%
,"Otter Tail County, MN",27111,11,58345,Unreliable,5.7,Unreliable,7.1,0.00%
,"Ramsey County, MN",27123,81,547974,14.8,1.6,15.1,1.7,0.20%
,"St. Louis County, MN",27137,38,200000,19,3.1,18.5,3.2,0.10%
,"Scott County, MN",27139,11,145827,Unreliable,2.3,Unreliable,2.5,0.00%
,"Sherburne County, MN",27141,14,94570,Unreliable,4,Unreliable,3.9,0.00%
,"Stearns County, MN",27145,21,157822,13.3,2.9,13.1,3,0.00%
,"Washington County, MN",27163,35,256348,13.7,2.3,13.2,2.3,0.10%
,"Wright County, MN",27171,19,134286,Unreliable,3.2,Unreliable,3.2,0.00%
,"DeSoto County, MS",28033,27,178751,15.1,2.9,15.4,3,0.10%
,"Forrest County, MS",28035,13,75471,Unreliable,4.8,Unreliable,4.8,0.00%
,"Hancock County, MS",28045,11,47053,Unreliable,7,Unreliable,6.3,0.00%
,"Harrison County, MS",28047,53,205027,25.9,3.6,25.8,3.6,0.10%
,"Hinds County, MS",28049,22,239497,9.2,2,9,2,0.00%
,"Jackson County, MS",28059,25,142152,17.6,3.5,18.1,3.7,0.10%
,"Jones County, MS",28067,11,67930,Unreliable,4.9,Unreliable,4.2,0.00%
,"Lamar County, MS",28073,10,61374,Unreliable,5.2,Unreliable,5.4,0.00%
,"Lee County, MS",28081,13,84933,Unreliable,4.2,Unreliable,4.6,0.00%
,"Lowndes County, MS",28087,10,59186,Unreliable,5.3,Unreliable,5.4,0.00%
,"Madison County, MS",28089,17,104618,Unreliable,3.9,Unreliable,3.8,0.00%
,"Pearl River County, MS",28109,14,55270,Unreliable,6.8,Unreliable,7.4,0.00%
,"Rankin County, MS",28121,26,152080,17.1,3.4,17.4,3.4,0.10%
,"Boone County, MO",29019,18,178271,Unreliable,2.4,Unreliable,2.6,0.00%
,"Buchanan County, MO",29021,17,89065,Unreliable,4.6,Unreliable,4.6,0.00%
,"Butler County, MO",29023,10,42666,Unreliable,7.4,Unreliable,8.2,0.00%
,"Camden County, MO",29029,12,45632,Unreliable,7.6,Unreliable,8.9,0.00%
,"Cass County, MO",29037,19,103724,Unreliable,4.2,Unreliable,4.1,0.00%
,"Christian County, MO",29043,19,85432,Unreliable,5.1,Unreliable,5.3,0.00%
,"Clay County, MO",29047,45,242874,18.5,2.8,18.3,2.8,0.10%
,"Cole County, MO",29051,10,76708,Unreliable,4.1,Unreliable,4.1,0.00%
,"Franklin County, MO",29071,23,103330,22.3,4.6,23.4,5,0.00%
,"Greene County, MO",29077,70,289805,24.2,2.9,23.7,2.9,0.10%
,"Howell County, MO",29091,15,40103,Unreliable,9.7,Unreliable,9.9,0.00%
,"Jackson County, MO",29095,143,698895,20.5,1.7,20.6,1.8,0.30%
,"Jasper County, MO",29097,40,120217,33.3,5.3,32.9,5.3,0.10%
,"Jefferson County, MO",29099,56,223810,25,3.3,24.5,3.4,0.10%
,"Johnson County, MO",29101,10,53897,Unreliable,5.9,Unreliable,5.1,0.00%
,"Lincoln County, MO",29113,12,56183,Unreliable,6.2,Unreliable,5.9,0.00%
,"Newton County, MO",29145,10,58290,Unreliable,5.4,Unreliable,5.1,0.00%
,"Phelps County, MO",29161,11,44744,Unreliable,7.4,Unreliable,8.4,0.00%
,"Platte County, MO",29165,20,101187,19.8,4.4,18.4,4.2,0.00%
,"Pulaski County, MO",29169,12,52059,Unreliable,6.7,Unreliable,7.3,0.00%
,"St. Charles County, MO",29183,59,395504,14.9,1.9,15,2,0.10%
,"St. Francois County, MO",29187,14,66705,Unreliable,5.6,Unreliable,5.3,0.00%
,"St. Louis County, MO",29189,140,996726,14,1.2,13.4,1.2,0.30%
,"Taney County, MO",29213,12,55355,Unreliable,6.3,Unreliable,5.8,0.00%
,"Warren County, MO",29219,11,34373,Unreliable,9.6,Unreliable,9.5,0.00%
,"St. Louis city, MO",29510,43,308626,13.9,2.1,13.2,2.1,0.10%
,"Cascade County, MT",30013,29,81654,35.5,6.6,36.5,7.1,0.10%
,"Flathead County, MT",30029,24,100000,24,4.9,22.1,4.8,0.10%
,"Gallatin County, MT",30031,25,107810,23.2,4.6,23.2,4.8,0.10%
,"Lake County, MT",30047,17,30273,Unreliable,13.6,Unreliable,14.2,0.00%
,"Lewis and Clark County, MT",30049,21,67773,31,6.8,30.9,7.1,0.00%
,"Missoula County, MT",30063,33,117441,28.1,4.9,26.4,4.7,0.10%
,"Ravalli County, MT",30081,13,42563,Unreliable,8.5,Unreliable,7.8,0.00%
,"Silver Bow County, MT",30093,18,34602,Unreliable,12.3,Unreliable,13.3,0.00%
,"Yellowstone County, MT",30111,42,158980,26.4,4.1,26.7,4.2,0.10%
,"Buffalo County, NE",31019,11,49732,Unreliable,6.7,Unreliable,7.3,0.00%
,"Douglas County, NE",31055,69,561620,12.3,1.5,12.7,1.5,0.10%
,"Lancaster County, NE",31109,47,314358,15,2.2,15.2,2.3,0.10%
,"Sarpy County, NE",31153,16,181439,Unreliable,2.2,Unreliable,2.3,0.00%
,"Clark County, NV",32003,433,2204079,19.6,0.9,19.2,0.9,0.90%
,"Douglas County, NV",32005,15,48309,Unreliable,8,Unreliable,7.7,0.00%
,"Elko County, NV",32007,17,52649,Unreliable,7.8,Unreliable,7.7,0.00%
,"Lyon County, NV",32019,17,54122,Unreliable,7.6,Unreliable,7.3,0.00%
,"Nye County, NV",32023,16,44202,Unreliable,9,Unreliable,9.5,0.00%
,"Washoe County, NV",32031,96,460587,20.8,2.1,20.5,2.2,0.20%
,"Carson City, NV",32510,18,54745,Unreliable,7.7,Unreliable,6.7,0.00%
,"Carroll County, NH",33003,10,48064,Unreliable,6.6,Unreliable,8.2,0.00%
,"Cheshire County, NH",33005,20,75960,26.3,5.9,25.6,6,0.00%
,"Grafton County, NH",33009,15,89386,Unreliable,4.3,Unreliable,3.9,0.00%
,"Hillsborough County, NH",33011,87,409697,21.2,2.3,20.3,2.2,0.20%
,"Merrimack County, NH",33013,29,149216,19.4,3.6,19.5,3.7,0.10%
,"Rockingham County, NH",33015,64,306363,20.9,2.6,20.1,2.7,0.10%
,"Strafford County, NH",33017,15,128613,Unreliable,3,Unreliable,3.1,0.00%
,"Sullivan County, NH",33019,11,43077,Unreliable,7.7,Unreliable,7.4,0.00%
,"Atlantic County, NJ",34001,47,269918,17.4,2.5,15.7,2.4,0.10%
,"Bergen County, NJ",34003,71,948406,7.5,0.9,6.6,0.8,0.20%
,"Burlington County, NJ",34005,47,448596,10.5,1.5,9.2,1.4,0.10%
,"Camden County, NJ",34007,53,510719,10.4,1.4,10.5,1.5,0.10%
,"Cape May County, NJ",34009,10,93553,Unreliable,3.4,Unreliable,3.6,0.00%
,"Cumberland County, NJ",34011,13,152538,Unreliable,2.4,Unreliable,2.5,0.00%
,"Essex County, NJ",34013,42,808285,5.2,0.8,5.2,0.8,0.10%
,"Gloucester County, NJ",34015,40,292206,13.7,2.2,13.1,2.1,0.10%
,"Hudson County, NJ",34017,51,691643,7.4,1,6.5,0.9,0.10%
,"Hunterdon County, NJ",34019,10,125059,Unreliable,2.5,Unreliable,3,0.00%
,"Mercer County, NJ",34021,43,374733,11.5,1.7,11.2,1.7,0.10%
,"Middlesex County, NJ",34023,57,842798,6.8,0.9,6.3,0.8,0.10%
,"Monmouth County, NJ",34025,67,626351,10.7,1.3,10.6,1.3,0.10%
,"Morris County, NJ",34027,38,499693,7.6,1.2,7.4,1.2,0.10%
,"Ocean County, NJ",34029,63,597943,10.5,1.3,9.4,1.3,0.10%
,"Passaic County, NJ",34031,38,512607,7.4,1.2,7,1.2,0.10%
,"Somerset County, NJ",34035,24,335432,7.2,1.5,7.1,1.5,0.10%
,"Union County, NJ",34039,47,563892,8.3,1.2,7.9,1.2,0.10%
,"Warren County, NJ",34041,18,106798,Unreliable,4,Unreliable,3.9,0.00%
,"Bernalillo County, NM",35001,163,676773,24.1,1.9,23.6,1.9,0.30%
,"Chaves County, NM",35005,11,64866,Unreliable,5.1,Unreliable,5.2,0.00%
,"Dona Ana County, NM",35013,36,215579,16.7,2.8,16.4,2.8,0.10%
,"Eddy County, NM",35015,16,56997,Unreliable,7,Unreliable,7.7,0.00%
,"Lea County, NM",35025,10,68759,Unreliable,4.6,Unreliable,5.2,0.00%
,"Lincoln County, NM",35027,10,19395,Unreliable,16.3,Unreliable,16.6,0.00%
,"McKinley County, NM",35031,19,72564,Unreliable,6,Unreliable,6.3,0.00%
,"Otero County, NM",35035,24,65817,36.5,7.4,34.6,7.3,0.10%
,"Sandoval County, NM",35043,22,142507,15.4,3.3,15.4,3.4,0.00%
,"San Juan County, NM",35045,37,126926,29.2,4.8,29.2,4.9,0.10%
,"Santa Fe County, NM",35049,42,148750,28.2,4.4,27.1,4.5,0.10%
,"Taos County, NM",35055,14,32795,Unreliable,11.4,Unreliable,13.9,0.00%
,"Valencia County, NM",35061,18,75940,Unreliable,5.6,Unreliable,5.8,0.00%
,"Albany County, NY",36001,31,309612,10,1.8,9.2,1.7,0.10%
,"Bronx County, NY",36005,82,1471160,5.6,0.6,5.3,0.6,0.20%
,"Broome County, NY",36007,26,193639,13.4,2.6,12.1,2.5,0.10%
,"Cattaraugus County, NY",36009,15,77348,Unreliable,5,Unreliable,5.6,0.00%
,"Chautauqua County, NY",36013,21,129046,16.3,3.6,15.9,3.6,0.00%
,"Dutchess County, NY",36027,41,295568,13.9,2.2,12.8,2.1,0.10%
,"Erie County, NY",36029,115,925528,12.4,1.2,12.3,1.2,0.20%
,"Greene County, NY",36039,12,47470,Unreliable,7.3,Unreliable,6.9,0.00%
,"Jefferson County, NY",36045,17,114187,Unreliable,3.6,Unreliable,3.6,0.00%
,"Kings County, NY",36047,142,2648771,5.4,0.4,5.3,0.5,0.30%
,"Livingston County, NY",36051,10,63799,Unreliable,5,Unreliable,4.7,0.00%
,"Monroe County, NY",36055,69,747642,9.2,1.1,8.7,1.1,0.10%
,"Nassau County, NY",36059,80,1369514,5.8,0.7,5.7,0.7,0.20%
,"New York County, NY",36061,154,1664727,9.3,0.7,8.3,0.7,0.30%
,"Niagara County, NY",36063,25,211328,11.8,2.4,11.6,2.4,0.10%
,"Oneida County, NY",36065,25,231332,10.8,2.2,10.3,2.1,0.10%
,"Onondaga County, NY",36067,40,465398,8.6,1.4,8.6,1.4,0.10%
,"Ontario County, NY",36069,10,109899,Unreliable,2.9,Unreliable,2.7,0.00%
,"Orange County, NY",36071,38,382226,9.9,1.6,9.3,1.6,0.10%
,"Oswego County, NY",36075,24,118478,20.3,4.1,19,4,0.10%
,"Putnam County, NY",36079,11,99323,Unreliable,3.3,Unreliable,3,0.00%
,"Queens County, NY",36081,140,2358582,5.9,0.5,5.6,0.5,0.30%
,"Rensselaer County, NY",36083,16,159722,Unreliable,2.5,Unreliable,2.4,0.00%
,"Richmond County, NY",36085,38,479458,7.9,1.3,7.5,1.2,0.10%
,"Rockland County, NY",36087,25,328868,7.6,1.5,7.8,1.6,0.10%
,"St. Lawrence County, NY",36089,14,109623,Unreliable,3.4,Unreliable,2.9,0.00%
,"Saratoga County, NY",36091,24,229869,10.4,2.1,10.4,2.2,0.10%
,"Schenectady County, NY",36093,14,155565,Unreliable,2.4,Unreliable,2.7,0.00%
,"Steuben County, NY",36101,18,96281,Unreliable,4.4,Unreliable,4.4,0.00%
,"Suffolk County, NY",36103,127,1492953,8.5,0.8,8.1,0.7,0.30%
,"Tompkins County, NY",36109,12,104802,Unreliable,3.3,Unreliable,3.5,0.00%
,"Ulster County, NY",36111,23,179417,12.8,2.7,12.9,2.8,0.00%
,"Wayne County, NY",36117,13,90670,Unreliable,4,Unreliable,4.3,0.00%
,"Westchester County, NY",36119,76,980244,7.8,0.9,7.4,0.9,0.20%
,"Wyoming County, NY",36121,10,40493,Unreliable,7.8,Unreliable,6.2,0.00%
,"Alamance County, NC",37001,30,162391,18.5,3.4,17.4,3.3,0.10%
,"Beaufort County, NC",37013,11,47088,Unreliable,7,Unreliable,6.7,0.00%
,"Brunswick County, NC",37019,20,130897,15.3,3.4,13.3,3.5,0.00%
,"Buncombe County, NC",37021,57,257607,22.1,2.9,20.3,2.8,0.10%
,"Burke County, NC",37023,16,89293,Unreliable,4.5,Unreliable,4.2,0.00%
,"Cabarrus County, NC",37025,25,206872,12.1,2.4,12.4,2.5,0.10%
,"Caldwell County, NC",37027,14,81981,Unreliable,4.6,Unreliable,4.4,0.00%
,"Carteret County, NC",37031,17,68881,Unreliable,6,Unreliable,6.8,0.00%
,"Catawba County, NC",37035,23,157974,14.6,3,12.7,2.7,0.00%
,"Chatham County, NC",37037,11,71472,Unreliable,4.6,Unreliable,5.7,0.00%
,"Cleveland County, NC",37045,19,97334,Unreliable,4.5,Unreliable,4.5,0.00%
,"Craven County, NC",37049,17,102578,Unreliable,4,Unreliable,4.3,0.00%
,"Cumberland County, NC",37051,53,332546,15.9,2.2,16.6,2.3,0.10%
,"Dare County, NC",37055,11,36099,Unreliable,9.2,Unreliable,8.4,0.00%
,"Davidson County, NC",37057,31,165466,18.7,3.4,18.6,3.5,0.10%
,"Davie County, NC",37059,10,42456,Unreliable,7.4,Unreliable,7.7,0.00%
,"Durham County, NC",37063,34,311640,10.9,1.9,10.3,1.8,0.10%
,"Forsyth County, NC",37067,46,376320,12.2,1.8,11.4,1.7,0.10%
,"Franklin County, NC",37069,10,66168,Unreliable,4.8,Unreliable,5.2,0.00%
,"Gaston County, NC",37071,32,220182,14.5,2.6,14.1,2.5,0.10%
,"Guilford County, NC",37081,63,526953,12,1.5,11.7,1.5,0.10%
,"Harnett County, NC",37085,19,132754,Unreliable,3.3,Unreliable,3.3,0.00%
,"Haywood County, NC",37087,18,61084,Unreliable,6.9,Unreliable,6.1,0.00%
,"Henderson County, NC",37089,23,115708,19.9,4.1,17.7,4.1,0.00%
,"Iredell County, NC",37097,26,175711,14.8,2.9,15.6,3.1,0.10%
,"Johnston County, NC",37101,26,196708,13.2,2.6,12.2,2.5,0.10%
,"Mecklenburg County, NC",37119,116,1076837,10.8,1,10.6,1,0.20%
,"Moore County, NC",37125,23,97264,23.6,4.9,25.7,5.6,0.00%
,"Nash County, NC",37127,19,93991,Unreliable,4.6,Unreliable,5.2,0.00%
,"New Hanover County, NC",37129,43,227198,18.9,2.9,19,3,0.10%
,"Onslow County, NC",37133,34,193893,17.5,3,19.9,3.7,0.10%
,"Orange County, NC",37135,21,144946,14.5,3.2,14,3.1,0.00%
,"Pitt County, NC",37147,21,179042,11.7,2.6,12.3,2.8,0.00%
,"Randolph County, NC",37151,29,143282,20.2,3.8,18.3,3.5,0.10%
,"Robeson County, NC",37155,24,132606,18.1,3.7,18.2,3.8,0.10%
,"Rockingham County, NC",37157,12,90949,Unreliable,3.8,Unreliable,3.7,0.00%
,"Rowan County, NC",37159,33,140644,23.5,4.1,22.6,4.1,0.10%
,"Rutherford County, NC",37161,12,66551,Unreliable,5.2,Unreliable,5.6,0.00%
,"Stanly County, NC",37167,15,61482,Unreliable,6.3,Unreliable,6.6,0.00%
,"Stokes County, NC",37169,10,45717,Unreliable,6.9,Unreliable,7.3,0.00%
,"Surry County, NC",37171,30,72224,41.5,7.6,42.3,8,0.10%
,"Transylvania County, NC",37175,12,33956,Unreliable,10.2,Unreliable,9.9,0.00%
,"Union County, NC",37179,26,231366,11.2,2.2,11.2,2.3,0.10%
,"Wake County, NC",37183,105,1072203,9.8,1,9.6,0.9,0.20%
,"Watauga County, NC",37189,11,55121,Unreliable,6,Unreliable,7.3,0.00%
,"Wayne County, NC",37191,13,124172,Unreliable,2.9,Unreliable,3,0.00%
,"Wilkes County, NC",37193,15,68576,Unreliable,5.6,Unreliable,5.6,0.00%
,"Burleigh County, ND",38015,19,95030,Unreliable,4.6,Unreliable,4.3,0.00%
,"Cass County, ND",38017,28,177787,15.7,3,15.7,3,0.10%
,"Grand Forks County, ND",38035,16,70795,Unreliable,5.7,Unreliable,6.2,0.00%
,"Ward County, ND",38101,11,68946,Unreliable,4.8,Unreliable,4.9,0.00%
,"Allen County, OH",39003,14,103198,Unreliable,3.6,Unreliable,3.8,0.00%
,"Ashtabula County, OH",39007,28,97807,28.6,5.4,28.6,5.6,0.10%
,"Belmont County, OH",39013,12,68029,Unreliable,5.1,Unreliable,4.8,0.00%
,"Butler County, OH",39017,51,380604,13.4,1.9,14.1,2,0.10%
,"Clark County, OH",39023,24,134557,17.8,3.6,17.8,3.9,0.10%
,"Clermont County, OH",39025,28,204214,13.7,2.6,14.3,2.8,0.10%
,"Columbiana County, OH",39029,18,103077,Unreliable,4.1,Unreliable,4.7,0.00%
,"Cuyahoga County, OH",39035,161,1248514,12.9,1,12.7,1,0.30%
,"Delaware County, OH",39041,17,200464,Unreliable,2.1,Unreliable,1.9,0.00%
,"Erie County, OH",39043,11,74817,Unreliable,4.4,Unreliable,3.8,0.00%
,"Fairfield County, OH",39045,20,154733,12.9,2.9,12.6,2.9,0.00%
,"Franklin County, OH",39049,161,1291981,12.5,1,12.3,1,0.30%
,"Geauga County, OH",39055,12,93918,Unreliable,3.7,Unreliable,3.7,0.00%
,"Greene County, OH",39057,21,166752,12.6,2.7,13,2.9,0.00%
,"Hamilton County, OH",39061,114,813822,14,1.3,14.4,1.4,0.20%
,"Hancock County, OH",39063,11,75754,Unreliable,4.4,Unreliable,4.9,0.00%
,"Jackson County, OH",39079,10,32449,Unreliable,9.7,Unreliable,9.4,0.00%
,"Jefferson County, OH",39081,10,66359,Unreliable,4.8,Unreliable,4.6,0.00%
,"Lake County, OH",39085,35,230117,15.2,2.6,14.4,2.5,0.10%
,"Licking County, OH",39089,32,173448,18.4,3.3,18.3,3.3,0.10%
,"Logan County, OH",39091,10,45325,Unreliable,7,Unreliable,7.9,0.00%
,"Lorain County, OH",39093,61,307924,19.8,2.5,20.1,2.7,0.10%
,"Lucas County, OH",39095,75,430887,17.4,2,17.4,2.1,0.20%
,"Madison County, OH",39097,10,44036,Unreliable,7.2,Unreliable,6.3,0.00%
,"Mahoning County, OH",39099,36,229796,15.7,2.6,14.7,2.6,0.10%
,"Marion County, OH",39101,10,64967,Unreliable,4.9,Unreliable,5.2,0.00%
,"Medina County, OH",39103,29,178371,16.3,3,16.1,3.1,0.10%
,"Miami County, OH",39109,14,105122,Unreliable,3.6,Unreliable,3.6,0.00%
,"Montgomery County, OH",39113,83,531542,15.6,1.7,15.1,1.7,0.20%
,"Muskingum County, OH",39119,14,86149,Unreliable,4.3,Unreliable,5,0.00%
,"Pickaway County, OH",39129,12,57830,Unreliable,6,Unreliable,5.3,0.00%
,"Portage County, OH",39133,18,162277,Unreliable,2.6,Unreliable,2.6,0.00%
,"Richland County, OH",39139,17,120589,Unreliable,3.4,Unreliable,3.6,0.00%
,"Ross County, OH",39141,15,77313,Unreliable,5,Unreliable,5.2,0.00%
,"Sandusky County, OH",39143,11,59195,Unreliable,5.6,Unreliable,6,0.00%
,"Scioto County, OH",39145,10,75929,Unreliable,4.2,Unreliable,4.5,0.00%
,"Seneca County, OH",39147,10,55243,Unreliable,5.7,Unreliable,5.9,0.00%
,"Stark County, OH",39151,70,372542,18.8,2.2,18.3,2.3,0.10%
,"Summit County, OH",39153,94,541228,17.4,1.8,17.4,1.8,0.20%
,"Trumbull County, OH",39155,46,200380,23,3.4,22.9,3.5,0.10%
,"Tuscarawas County, OH",39157,15,92297,Unreliable,4.2,Unreliable,4.2,0.00%
,"Warren County, OH",39165,28,228882,12.2,2.3,11.9,2.3,0.10%
,"Washington County, OH",39167,13,60418,Unreliable,6,Unreliable,7.1,0.00%
,"Wayne County, OH",39169,16,116038,Unreliable,3.4,Unreliable,3.6,0.00%
,"Wood County, OH",39173,14,130492,Unreliable,2.9,Unreliable,3.1,0.00%
,"Bryan County, OK",40013,12,46319,Unreliable,7.5,Unreliable,6.7,0.00%
,"Canadian County, OK",40017,30,139926,21.4,3.9,21.3,3.9,0.10%
,"Carter County, OK",40019,10,48190,Unreliable,6.6,Unreliable,6.3,0.00%
,"Cleveland County, OK",40027,53,279641,19,2.6,18.1,2.5,0.10%
,"Comanche County, OK",40031,23,121526,18.9,3.9,18.5,4,0.00%
,"Creek County, OK",40037,10,71704,Unreliable,4.4,Unreliable,4.3,0.00%
,"Garfield County, OK",40047,14,61581,Unreliable,6.1,Unreliable,7.2,0.00%
,"Kay County, OK",40071,12,44544,Unreliable,7.8,Unreliable,7.4,0.00%
,"Logan County, OK",40083,14,46784,Unreliable,8,Unreliable,7.8,0.00%
,"McClain County, OK",40087,11,39343,Unreliable,8.4,Unreliable,8.8,0.00%
,"Mayes County, OK",40097,11,40921,Unreliable,8.1,Unreliable,8.7,0.00%
,"Muskogee County, OK",40101,15,69086,Unreliable,5.6,Unreliable,5.5,0.00%
,"Oklahoma County, OK",40109,122,787958,15.5,1.4,15.9,1.5,0.30%
,"Ottawa County, OK",40115,10,31312,Unreliable,10.1,Unreliable,10.8,0.00%
,"Payne County, OK",40119,12,81575,Unreliable,4.2,Unreliable,4.4,0.00%
,"Pittsburg County, OK",40121,12,44184,Unreliable,7.8,Unreliable,8.5,0.00%
,"Pottawatomie County, OK",40125,12,72226,Unreliable,4.8,Unreliable,4.8,0.00%
,"Rogers County, OK",40131,12,91444,Unreliable,3.8,Unreliable,4.2,0.00%
,"Sequoyah County, OK",40135,10,41252,Unreliable,7.7,Unreliable,8.2,0.00%
,"Tulsa County, OK",40143,117,646266,18.1,1.7,18,1.7,0.20%
,"Wagoner County, OK",40145,16,78657,Unreliable,5.1,Unreliable,5,0.00%
,"Washington County, OK",40147,10,51932,Unreliable,6.1,Unreliable,6.8,0.00%
,"Benton County, OR",41003,18,90951,Unreliable,4.7,Unreliable,4.6,0.00%
,"Clackamas County, OR",41005,67,412672,16.2,2,15.9,2,0.10%
,"Coos County, OR",41011,16,63888,Unreliable,6.3,Unreliable,5.8,0.00%
,"Curry County, OR",41015,14,22669,Unreliable,16.5,Unreliable,15.9,0.00%
,"Deschutes County, OR",41017,57,186875,30.5,4,29,4,0.10%
,"Douglas County, OR",41019,26,109405,23.8,4.7,24.4,5.1,0.10%
,"Jackson County, OR",41029,53,217479,24.4,3.3,22.4,3.2,0.10%
,"Josephine County, OR",41033,29,86352,33.6,6.2,29.5,6.1,0.10%
,"Klamath County, OR",41035,27,66935,40.3,7.8,47.1,9.2,0.10%
,"Lane County, OR",41039,88,374748,23.5,2.5,22.2,2.5,0.20%
,"Lincoln County, OR",41041,19,48920,Unreliable,8.9,Unreliable,7.3,0.00%
,"Linn County, OR",41043,29,125047,23.2,4.3,24.4,4.7,0.10%
,"Marion County, OR",41047,58,341286,17,2.2,16.7,2.2,0.10%
,"Multnomah County, OR",41051,136,807555,16.8,1.4,15.7,1.4,0.30%
,"Umatilla County, OR",41059,20,76985,26,5.8,27.7,6.3,0.00%
,"Washington County, OR",41067,74,588957,12.6,1.5,12.5,1.5,0.20%
,"Yamhill County, OR",41071,16,105722,Unreliable,3.8,Unreliable,3.7,0.00%
,"Adams County, PA",42001,18,102336,Unreliable,4.1,Unreliable,4.4,0.00%
,"Allegheny County, PA",42003,212,1223048,17.3,1.2,16.3,1.2,0.40%
,"Armstrong County, PA",42005,15,65642,Unreliable,5.9,Unreliable,5.4,0.00%
,"Beaver County, PA",42007,28,166140,16.9,3.2,14.6,2.9,0.10%
,"Bedford County, PA",42009,11,48480,Unreliable,6.8,Unreliable,7.5,0.00%
,"Berks County, PA",42011,69,417854,16.5,2,14.7,1.8,0.10%
,"Blair County, PA",42013,19,123457,Unreliable,3.5,Unreliable,4,0.00%
,"Bradford County, PA",42015,14,60853,Unreliable,6.1,Unreliable,7.3,0.00%
,"Bucks County, PA",42017,86,628341,13.7,1.5,12.8,1.4,0.20%
,"Butler County, PA",42019,30,187108,16,2.9,14.8,2.9,0.10%
,"Cambria County, PA",42021,27,133054,20.3,3.9,19.3,3.9,0.10%
,"Carbon County, PA",42025,13,63853,Unreliable,5.6,Unreliable,5.5,0.00%
,"Centre County, PA",42027,18,162660,Unreliable,2.6,Unreliable,2.4,0.00%
,"Chester County, PA",42029,73,519293,14.1,1.6,13,1.6,0.20%
,"Clearfield County, PA",42033,20,79685,25.1,5.6,23.8,5.6,0.00%
,"Clinton County, PA",42035,11,38998,Unreliable,8.5,Unreliable,8.9,0.00%
,"Columbia County, PA",42037,15,65932,Unreliable,5.9,Unreliable,5.6,0.00%
,"Crawford County, PA",42039,16,86159,Unreliable,4.6,Unreliable,5.1,0.00%
,"Cumberland County, PA",42041,39,250066,15.6,2.5,14.1,2.3,0.10%
,"Dauphin County, PA",42043,40,275710,14.5,2.3,14.2,2.3,0.10%
,"Delaware County, PA",42045,84,564696,14.9,1.6,14,1.6,0.20%
,"Erie County, PA",42049,59,274541,21.5,2.8,21,2.8,0.10%
,"Fayette County, PA",42051,20,131504,15.2,3.4,14,3.3,0.00%
,"Franklin County, PA",42055,20,154234,13,2.9,12.3,2.9,0.00%
,"Huntingdon County, PA",42061,10,45491,Unreliable,7,Unreliable,7.9,0.00%
,"Indiana County, PA",42063,13,84953,Unreliable,4.2,Unreliable,4.1,0.00%
,"Lackawanna County, PA",42069,29,210761,13.8,2.6,12.9,2.5,0.10%
,"Lancaster County, PA",42071,63,542903,11.6,1.5,12,1.6,0.10%
,"Lawrence County, PA",42073,15,87069,Unreliable,4.4,Unreliable,4.5,0.00%
,"Lebanon County, PA",42075,19,139754,Unreliable,3.1,Unreliable,3.4,0.00%
,"Lehigh County, PA",42077,55,366494,15,2,13.8,1.9,0.10%
,"Luzerne County, PA",42079,68,317343,21.4,2.6,21.4,2.7,0.10%
,"Lycoming County, PA",42081,19,113841,Unreliable,3.8,Unreliable,3.8,0.00%
,"Mercer County, PA",42085,19,111750,Unreliable,3.9,Unreliable,4,0.00%
,"Monroe County, PA",42089,28,168046,16.7,3.1,16.5,3.2,0.10%
,"Montgomery County, PA",42091,112,826075,13.6,1.3,12.8,1.2,0.20%
,"Northampton County, PA",42095,61,303405,20.1,2.6,19.5,2.6,0.10%
,"Northumberland County, PA",42097,11,92029,Unreliable,3.6,Unreliable,3.5,0.00%
,"Perry County, PA",42099,11,46127,Unreliable,7.2,Unreliable,7.9,0.00%
,"Philadelphia County, PA",42101,163,1580863,10.3,0.8,10.2,0.8,0.30%
,"Schuylkill County, PA",42107,32,142569,22.4,4,21.6,4,0.10%
,"Somerset County, PA",42111,15,74501,Unreliable,5.2,Unreliable,5.6,0.00%
,"Venango County, PA",42121,15,51762,Unreliable,7.5,Unreliable,8.1,0.00%
,"Washington County, PA",42125,36,207298,17.4,2.9,15.6,2.7,0.10%
,"Wayne County, PA",42127,16,51205,Unreliable,7.8,Unreliable,6.5,0.00%
,"Westmoreland County, PA",42129,70,352627,19.9,2.4,17.9,2.3,0.10%
,"Wyoming County, PA",42131,11,27322,Unreliable,12.1,Unreliable,12.6,0.00%
,"York County, PA",42133,88,446078,19.7,2.1,18.6,2.1,0.20%
,"Kent County, RI",44003,21,163760,12.8,2.8,12.8,2.9,0.00%
,"Newport County, RI",44005,14,83460,Unreliable,4.5,Unreliable,4.4,0.00%
,"Providence County, RI",44007,69,637357,10.8,1.3,10.8,1.3,0.10%
,"Washington County, RI",44009,20,126150,15.9,3.5,14.3,3.4,0.00%
,"Aiken County, SC",45003,42,168179,25,3.9,24.8,4,0.10%
,"Anderson County, SC",45007,35,198759,17.6,3,17.8,3.1,0.10%
,"Beaufort County, SC",45013,26,186844,13.9,2.7,13.9,2.9,0.10%
,"Berkeley County, SC",45015,31,217937,14.2,2.6,14,2.6,0.10%
,"Charleston County, SC",45019,50,401438,12.5,1.8,12,1.7,0.10%
,"Cherokee County, SC",45021,15,57105,Unreliable,6.8,Unreliable,7.2,0.00%
,"Chester County, SC",45023,11,32301,Unreliable,10.3,Unreliable,9.8,0.00%
,"Darlington County, SC",45031,15,67265,Unreliable,5.8,Unreliable,5.7,0.00%
,"Dorchester County, SC",45035,33,156456,21.1,3.7,19.8,3.5,0.10%
,"Florence County, SC",45041,15,138566,Unreliable,2.8,Unreliable,2.8,0.00%
,"Greenville County, SC",45045,85,506837,16.8,1.8,16.6,1.8,0.20%
,"Horry County, SC",45051,66,333268,19.8,2.4,17.6,2.3,0.10%
,"Kershaw County, SC",45055,15,65036,Unreliable,6,Unreliable,5.9,0.00%
,"Lancaster County, SC",45057,17,92550,Unreliable,4.5,Unreliable,4.7,0.00%
,"Laurens County, SC",45059,12,66848,Unreliable,5.2,Unreliable,5.8,0.00%
,"Lexington County, SC",45063,44,290642,15.1,2.3,15.2,2.3,0.10%
,"Oconee County, SC",45073,18,77270,Unreliable,5.5,Unreliable,5.5,0.00%
,"Orangeburg County, SC",45075,13,87476,Unreliable,4.1,Unreliable,4.2,0.00%
,"Pickens County, SC",45077,28,123479,22.7,4.3,23.3,4.5,0.10%
,"Richland County, SC",45079,61,411592,14.8,1.9,15,2,0.10%
,"Spartanburg County, SC",45083,64,306854,20.9,2.6,20.8,2.7,0.10%
,"Sumter County, SC",45085,10,106847,Unreliable,3,Unreliable,2.7,0.00%
,"York County, SC",45091,42,266439,15.8,2.4,16.1,2.5,0.10%
,"Lawrence County, SD",46081,11,25429,Unreliable,13,Unreliable,12.3,0.00%
,"Minnehaha County, SD",46099,46,188616,24.4,3.6,25.1,3.8,0.10%
,"Pennington County, SD",46103,26,110141,23.6,4.6,25.5,5.1,0.10%
,"Anderson County, TN",47001,11,76257,Unreliable,4.3,Unreliable,4.9,0.00%
,"Bedford County, TN",47003,11,48117,Unreliable,6.9,Unreliable,6.9,0.00%
,"Blount County, TN",47009,29,129929,22.3,4.1,21,4.1,0.10%
,"Bradley County, TN",47011,14,105560,Unreliable,3.5,Unreliable,3.6,0.00%
,"Campbell County, TN",47013,10,39648,Unreliable,8,Unreliable,8.5,0.00%
,"Cheatham County, TN",47021,10,40330,Unreliable,7.8,Unreliable,7.6,0.00%
,"Coffee County, TN",47031,13,55034,Unreliable,6.6,Unreliable,6.5,0.00%
,"Cumberland County, TN",47035,16,59078,Unreliable,6.8,Unreliable,6.2,0.00%
,"Davidson County, TN",47037,92,691243,13.3,1.4,12.8,1.4,0.20%
,"Dickson County, TN",47043,14,52853,Unreliable,7.1,Unreliable,7.4,0.00%
,"Dyer County, TN",47045,10,37463,Unreliable,8.4,Unreliable,8.4,0.00%
,"Franklin County, TN",47051,11,41652,Unreliable,8,Unreliable,7.4,0.00%
,"Greene County, TN",47059,16,68808,Unreliable,5.8,Unreliable,5.3,0.00%
,"Hamblen County, TN",47063,11,64277,Unreliable,5.2,Unreliable,4.8,0.00%
,"Hamilton County, TN",47065,68,361613,18.8,2.3,18.3,2.3,0.10%
,"Knox County, TN",47093,83,461860,18,2,17,1.9,0.20%
,"Lincoln County, TN",47103,10,33751,Unreliable,9.4,Unreliable,11.4,0.00%
,"McMinn County, TN",47107,13,52877,Unreliable,6.8,Unreliable,7.2,0.00%
,"McNairy County, TN",47109,10,26004,Unreliable,12.2,Unreliable,12.3,0.00%
,"Madison County, TN",47113,21,97643,21.5,4.7,22,5,0.00%
,"Maury County, TN",47119,14,92163,Unreliable,4.1,Unreliable,4.5,0.00%
,"Montgomery County, TN",47125,42,200182,21,3.2,22.2,3.5,0.10%
,"Putnam County, TN",47141,13,77674,Unreliable,4.6,Unreliable,4.8,0.00%
,"Roane County, TN",47145,19,53036,Unreliable,8.2,Unreliable,9.2,0.00%
,"Robertson County, TN",47147,13,70177,Unreliable,5.1,Unreliable,5.1,0.00%
,"Rutherford County, TN",47149,49,317157,15.4,2.2,15.3,2.2,0.10%
,"Sevier County, TN",47155,29,97638,29.7,5.5,29.9,5.8,0.10%
,"Shelby County, TN",47157,94,936961,10,1,9.9,1,0.20%
,"Sullivan County, TN",47163,29,157158,18.5,3.4,16.6,3.3,0.10%
,"Sumner County, TN",47165,37,183545,20.2,3.3,19.6,3.3,0.10%
,"Tipton County, TN",47167,11,61366,Unreliable,5.4,Unreliable,5.5,0.00%
,"Washington County, TN",47179,24,127806,18.8,3.8,18.3,3.9,0.10%
,"Williamson County, TN",47187,28,226257,12.4,2.3,11.5,2.2,0.10%
,"Wilson County, TN",47189,22,136442,16.1,3.4,15.6,3.4,0.00%
,"Anderson County, TX",48001,18,57741,Unreliable,7.3,Unreliable,6.7,0.00%
,"Angelina County, TX",48005,12,87805,Unreliable,3.9,Unreliable,3.8,0.00%
,"Atascosa County, TX",48013,10,48981,Unreliable,6.5,Unreliable,6.8,0.00%
,"Austin County, TX",48015,10,29786,Unreliable,10.6,Unreliable,11.8,0.00%
,"Bastrop County, TX",48021,18,84761,Unreliable,5,Unreliable,5.2,0.00%
,"Bell County, TX",48027,57,347833,16.4,2.2,17,2.3,0.10%
,"Bexar County, TX",48029,261,1958578,13.3,0.8,13.3,0.8,0.60%
,"Bowie County, TX",48037,13,94012,Unreliable,3.8,Unreliable,4,0.00%
,"Brazoria County, TX",48039,54,362457,14.9,2,14.9,2.1,0.10%
,"Brazos County, TX",48041,18,222830,Unreliable,1.9,Unreliable,1.9,0.00%
,"Cameron County, TX",48061,42,423725,9.9,1.5,10.6,1.7,0.10%
,"Cherokee County, TX",48073,10,52240,Unreliable,6.1,Unreliable,5.8,0.00%
,"Collin County, TX",48085,120,969603,12.4,1.1,12.1,1.1,0.30%
,"Comal County, TX",48091,33,141009,23.4,4.1,21.5,3.9,0.10%
,"Cooke County, TX",48097,12,39895,Unreliable,8.7,Unreliable,9.4,0.00%
,"Coryell County, TX",48099,18,74913,Unreliable,5.7,Unreliable,5.8,0.00%
,"Dallas County, TX",48113,308,2618148,11.8,0.7,11.9,0.7,0.70%
,"Denton County, TX",48121,113,836210,13.5,1.3,13.2,1.3,0.20%
,"Ector County, TX",48135,25,157087,15.9,3.2,15.3,3.1,0.10%
,"Ellis County, TX",48139,23,173620,13.2,2.8,13.1,2.8,0.00%
,"El Paso County, TX",48141,82,840410,9.8,1.1,9.9,1.1,0.20%
,"Fannin County, TX",48147,11,34446,Unreliable,9.6,Unreliable,9.3,0.00%
,"Fort Bend County, TX",48157,79,764828,10.3,1.2,10.7,1.2,0.20%
,"Galveston County, TX",48167,59,335036,17.6,2.3,16.9,2.2,0.10%
,"Grayson County, TX",48181,35,131140,26.7,4.5,26.9,4.7,0.10%
,"Gregg County, TX",48183,19,123367,Unreliable,3.5,Unreliable,3.7,0.00%
,"Guadalupe County, TX",48187,15,159659,Unreliable,2.4,Unreliable,2.4,0.00%
,"Hardin County, TX",48199,10,57139,Unreliable,5.5,Unreliable,6.1,0.00%
,"Harris County, TX",48201,491,4652980,10.6,0.5,10.7,0.5,1.00%
,"Hays County, TX",48209,30,214485,14,2.6,12.4,2.3,0.10%
,"Henderson County, TX",48213,16,81064,Unreliable,4.9,Unreliable,5.7,0.00%
,"Hidalgo County, TX",48215,59,860661,6.9,0.9,7.3,1,0.10%
,"Hopkins County, TX",48223,10,36496,Unreliable,8.7,Unreliable,9,0.00%
,"Howard County, TX",48227,11,36040,Unreliable,9.2,Unreliable,9.5,0.00%
,"Hunt County, TX",48231,16,93872,Unreliable,4.3,Unreliable,4.1,0.00%
,"Jefferson County, TX",48245,35,256299,13.7,2.3,13.1,2.3,0.10%
,"Jim Wells County, TX",48249,10,40871,Unreliable,7.7,Unreliable,8.5,0.00%
,"Johnson County, TX",48251,22,167301,13.1,2.8,13.8,3,0.00%
,"Jones County, TX",48253,10,19983,Unreliable,15.8,Unreliable,17.4,0.00%
,"Kaufman County, TX",48257,17,122883,Unreliable,3.4,Unreliable,3.3,0.00%
,"Kerr County, TX",48265,11,51720,Unreliable,6.4,Unreliable,6.8,0.00%
,"Lamar County, TX",48277,13,49587,Unreliable,7.3,Unreliable,6.9,0.00%
,"Liberty County, TX",48291,13,83658,Unreliable,4.3,Unreliable,4.3,0.00%
,"Lubbock County, TX",48303,46,305225,15.1,2.2,15.6,2.4,0.10%
,"McLennan County, TX",48309,32,251259,12.7,2.3,13.4,2.5,0.10%
,"Midland County, TX",48329,14,165049,Unreliable,2.3,Unreliable,2.5,0.00%
,"Montgomery County, TX",48339,86,570934,15.1,1.6,15.3,1.7,0.20%
,"Navarro County, TX",48349,10,48701,Unreliable,6.5,Unreliable,7.1,0.00%
,"Nueces County, TX",48355,50,361221,13.8,2,13.1,1.9,0.10%
,"Orange County, TX",48361,17,85047,Unreliable,4.8,Unreliable,5.3,0.00%
,"Parker County, TX",48367,22,133463,16.5,3.5,16.9,3.7,0.00%
,"Potter County, TX",48375,23,120458,19.1,4,19.9,4.2,0.00%
,"Randall County, TX",48381,30,134442,22.3,4.1,20.9,3.9,0.10%
,"Rockwall County, TX",48397,17,96788,Unreliable,4.3,Unreliable,4.6,0.00%
,"Smith County, TX",48423,51,227727,22.4,3.1,21.8,3.1,0.10%
,"Tarrant County, TX",48439,257,2054475,12.5,0.8,12.3,0.8,0.50%
,"Taylor County, TX",48441,32,136290,23.5,4.2,22.8,4.1,0.10%
,"Tom Green County, TX",48451,26,118019,22,4.3,24.4,4.9,0.10%
,"Travis County, TX",48453,164,1226698,13.4,1,13.5,1.1,0.30%
,"Van Zandt County, TX",48467,11,55182,Unreliable,6,Unreliable,5.9,0.00%
,"Victoria County, TX",48469,17,92084,Unreliable,4.5,Unreliable,4.8,0.00%
,"Walker County, TX",48471,12,72245,Unreliable,4.8,Unreliable,4.6,0.00%
,"Webb County, TX",48479,14,274794,Unreliable,1.4,Unreliable,1.5,0.00%
,"Wichita County, TX",48485,32,132000,24.2,4.3,23.7,4.3,0.10%
,"Williamson County, TX",48491,63,547545,11.5,1.4,11.5,1.5,0.10%
,"Wise County, TX",48497,15,66181,Unreliable,5.9,Unreliable,5.9,0.00%
,"Wood County, TX",48499,15,44314,Unreliable,8.7,Unreliable,9.2,0.00%
,"Box Elder County, UT",49003,10,54079,Unreliable,5.8,Unreliable,6.2,0.00%
,"Cache County, UT",49005,11,124438,Unreliable,2.7,Unreliable,3.5,0.00%
,"Davis County, UT",49011,74,347637,21.3,2.5,22.7,2.7,0.20%
,"Iron County, UT",49021,10,51001,Unreliable,6.2,Unreliable,6,0.00%
,"Salt Lake County, UT",49035,254,1135649,22.4,1.4,23,1.5,0.50%
,"Tooele County, UT",49045,19,67456,Unreliable,6.5,Unreliable,7.3,0.00%
,"Uintah County, UT",49047,10,35150,Unreliable,9,Unreliable,9.6,0.00%
,"Utah County, UT",49049,90,606425,14.8,1.6,17.3,1.9,0.20%
,"Washington County, UT",49053,45,165662,27.2,4,29.9,4.6,0.10%
,"Weber County, UT",49057,73,251769,29,3.4,30.6,3.6,0.20%
,"Bennington County, VT",50003,10,35594,Unreliable,8.9,Unreliable,10.7,0.00%
,"Caledonia County, VT",50005,12,30164,Unreliable,11.5,Unreliable,13,0.00%
,"Chittenden County, VT",50007,18,162372,Unreliable,2.6,Unreliable,2.5,0.00%
,"Franklin County, VT",50011,14,49025,Unreliable,7.6,Unreliable,8.6,0.00%
,"Rutland County, VT",50021,10,59087,Unreliable,5.4,Unreliable,7,0.00%
,"Windham County, VT",50025,12,42869,Unreliable,8.1,Unreliable,8.1,0.00%
,"Windsor County, VT",50027,11,55100,Unreliable,6,Unreliable,7.1,0.00%
,"Albemarle County, VA",51003,17,107702,Unreliable,3.8,Unreliable,3.5,0.00%
,"Arlington County, VA",51013,24,234965,10.2,2.1,9.5,2,0.10%
,"Augusta County, VA",51015,14,75144,Unreliable,5,Unreliable,5.1,0.00%
,"Bedford County, VA",51019,18,77974,Unreliable,5.4,Unreliable,4.8,0.00%
,"Carroll County, VA",51035,10,29708,Unreliable,10.6,Unreliable,10.7,0.00%
,"Chesterfield County, VA",51041,56,343599,16.3,2.2,15.7,2.2,0.10%
,"Culpeper County, VA",51047,11,51282,Unreliable,6.5,Unreliable,7,0.00%
,"Fairfax County, VA",51059,97,1148433,8.4,0.9,8.1,0.8,0.20%
,"Fauquier County, VA",51061,14,69465,Unreliable,5.4,Unreliable,5.5,0.00%
,"Franklin County, VA",51067,12,56445,Unreliable,6.1,Unreliable,6.4,0.00%
,"Frederick County, VA",51069,17,86484,Unreliable,4.8,Unreliable,4.9,0.00%
,"Hanover County, VA",51085,15,105923,Unreliable,3.7,Unreliable,3.6,0.00%
,"Henrico County, VA",51087,47,327898,14.3,2.1,13.5,2,0.10%
,"Loudoun County, VA",51107,43,398080,10.8,1.6,11.3,1.8,0.10%
,"Montgomery County, VA",51121,10,98559,Unreliable,3.2,Unreliable,4,0.00%
,"Pittsylvania County, VA",51143,11,61258,Unreliable,5.4,Unreliable,5.7,0.00%
,"Prince William County, VA",51153,44,463023,9.5,1.4,9.4,1.4,0.10%
,"Roanoke County, VA",51161,12,93730,Unreliable,3.7,Unreliable,3,0.00%
,"Rockingham County, VA",51165,14,80227,Unreliable,4.7,Unreliable,5,0.00%
,"Shenandoah County, VA",51171,10,43225,Unreliable,7.3,Unreliable,7.4,0.00%
,"Spotsylvania County, VA",51177,10,133033,Unreliable,2.4,Unreliable,2.2,0.00%
,"Stafford County, VA",51179,13,146649,Unreliable,2.5,Unreliable,2.6,0.00%
,"Washington County, VA",51191,21,54387,38.6,8.4,39,9,0.00%
,"Wise County, VA",51195,15,38586,Unreliable,10,Unreliable,10.7,0.00%
,"Alexandria city, VA",51510,19,160035,Unreliable,2.7,Unreliable,2.8,0.00%
,"Chesapeake city, VA",51550,32,240397,13.3,2.4,13.2,2.4,0.10%
,"Hampton city, VA",51650,15,134669,Unreliable,2.9,Unreliable,3.3,0.00%
,"Lynchburg city, VA",51680,15,80995,Unreliable,4.8,Unreliable,6,0.00%
,"Newport News city, VA",51700,19,179388,Unreliable,2.4,Unreliable,2.5,0.00%
,"Norfolk city, VA",51710,34,244703,13.9,2.4,12.6,2.3,0.10%
,"Portsmouth city, VA",51740,14,94572,Unreliable,4,Unreliable,4.1,0.00%
,"Richmond city, VA",51760,23,227032,10.1,2.1,9.9,2.2,0.00%
,"Roanoke city, VA",51770,24,99837,24,4.9,24.2,5.1,0.10%
,"Suffolk city, VA",51800,11,90237,Unreliable,3.7,Unreliable,3.7,0.00%
,"Virginia Beach city, VA",51810,52,450435,11.5,1.6,10.8,1.5,0.10%
,"Benton County, WA",53005,44,198171,22.2,3.3,22.5,3.5,0.10%
,"Clallam County, WA",53009,24,75474,31.8,6.5,28.6,6.5,0.10%
,"Clark County, WA",53011,88,474643,18.5,2,18.5,2,0.20%
,"Cowlitz County, WA",53015,28,106910,26.2,4.9,26.6,5.2,0.10%
,"Franklin County, WA",53021,10,92125,Unreliable,3.4,Unreliable,4.4,0.00%
,"Grant County, WA",53025,13,95158,Unreliable,3.8,Unreliable,3.9,0.00%
,"Grays Harbor County, WA",53027,10,72697,Unreliable,4.3,Unreliable,4.4,0.00%
,"Island County, WA",53029,15,83159,Unreliable,4.7,Unreliable,4.8,0.00%
,"Jefferson County, WA",53031,11,31234,Unreliable,10.6,Unreliable,13.2,0.00%
,"King County, WA",53033,269,2188649,12.3,0.7,11.8,0.7,0.60%
,"Kitsap County, WA",53035,45,266414,16.9,2.5,16.9,2.6,0.10%
,"Kittitas County, WA",53037,11,46205,Unreliable,7.2,Unreliable,7.2,0.00%
,"Lewis County, WA",53041,26,78200,33.2,6.5,30.9,6.4,0.10%
,"Mason County, WA",53045,17,63710,Unreliable,6.5,Unreliable,5.2,0.00%
,"Okanogan County, WA",53047,11,41742,Unreliable,7.9,Unreliable,8.4,0.00%
,"Pierce County, WA",53053,191,876764,21.8,1.6,21.2,1.6,0.40%
,"Skagit County, WA",53057,28,125619,22.3,4.2,21.4,4.3,0.10%
,"Snohomish County, WA",53061,129,801633,16.1,1.4,15.6,1.4,0.30%
,"Spokane County, WA",53063,113,506152,22.3,2.1,21.7,2.1,0.20%
,"Stevens County, WA",53065,13,44730,Unreliable,8.1,Unreliable,6.5,0.00%
,"Thurston County, WA",53067,61,280588,21.7,2.8,21.5,2.8,0.10%
,"Walla Walla County, WA",53071,12,60567,Unreliable,5.7,Unreliable,5.8,0.00%
,"Whatcom County, WA",53073,43,221404,19.4,3,18.7,2.9,0.10%
,"Whitman County, WA",53075,10,49046,Unreliable,6.4,Unreliable,6.9,0.00%
,"Yakima County, WA",53077,27,250193,10.8,2.1,11.1,2.2,0.10%
,"Berkeley County, WV",54003,23,114920,20,4.2,19.3,4.1,0.00%
,"Cabell County, WV",54011,20,94958,21.1,4.7,22.6,5.2,0.00%
,"Harrison County, WV",54033,22,67811,32.4,6.9,31.5,7,0.00%
,"Kanawha County, WV",54039,44,183293,24,3.6,25.7,4,0.10%
,"Mercer County, WV",54055,26,59753,43.5,8.5,35.8,7.4,0.10%
,"Monongalia County, WV",54061,11,105030,Unreliable,3.2,Unreliable,3.5,0.00%
,"Putnam County, WV",54079,16,56792,Unreliable,7,Unreliable,6.4,0.00%
,"Raleigh County, WV",54081,10,75022,Unreliable,4.2,Unreliable,4.3,0.00%
,"Wood County, WV",54107,21,85104,24.7,5.4,26,5.8,0.00%
,"Barron County, WI",55005,11,45251,Unreliable,7.3,Unreliable,6.9,0.00%
,"Brown County, WI",55009,46,262052,17.6,2.6,16.8,2.5,0.10%
,"Chippewa County, WI",55017,10,63813,Unreliable,5,Unreliable,5.2,0.00%
,"Dane County, WI",55025,72,536416,13.4,1.6,12.5,1.5,0.20%
,"Dodge County, WI",55027,17,87786,Unreliable,4.7,Unreliable,4.7,0.00%
,"Eau Claire County, WI",55035,17,103671,Unreliable,4,Unreliable,3.8,0.00%
,"Fond du Lac County, WI",55039,23,102548,22.4,4.7,23.2,5,0.00%
,"Jefferson County, WI",55055,17,84832,Unreliable,4.9,Unreliable,4.7,0.00%
,"Kenosha County, WI",55059,24,168521,14.2,2.9,13.3,2.8,0.10%
,"La Crosse County, WI",55063,24,118274,20.3,4.1,20.2,4.3,0.10%
,"Manitowoc County, WI",55071,15,79175,Unreliable,4.9,Unreliable,4.5,0.00%
,"Marathon County, WI",55073,20,135732,14.7,3.3,15.5,3.5,0.00%
,"Marinette County, WI",55075,12,40310,Unreliable,8.6,Unreliable,9.5,0.00%
,"Milwaukee County, WI",55079,154,952085,16.2,1.3,16,1.3,0.30%
,"Outagamie County, WI",55087,31,186059,16.7,3,17.1,3.1,0.10%
,"Ozaukee County, WI",55089,10,88429,Unreliable,3.6,Unreliable,3.7,0.00%
,"Polk County, WI",55095,14,43450,Unreliable,8.6,Unreliable,8.7,0.00%
,"Racine County, WI",55101,30,196071,15.3,2.8,12.9,2.5,0.10%
,"Rock County, WI",55105,35,162309,21.6,3.6,21.5,3.7,0.10%
,"St. Croix County, WI",55109,19,88703,Unreliable,4.9,Unreliable,5.3,0.00%
,"Sheboygan County, WI",55117,20,115344,17.3,3.9,17.6,4.1,0.00%
,"Walworth County, WI",55127,13,103082,Unreliable,3.5,Unreliable,3.7,0.00%
,"Washington County, WI",55131,20,135101,14.8,3.3,14.3,3.3,0.00%
,"Waukesha County, WI",55133,60,400621,15,1.9,13.3,1.8,0.10%
,"Waupaca County, WI",55135,12,51225,Unreliable,6.8,Unreliable,7.6,0.00%
,"Winnebago County, WI",55139,25,170414,14.7,2.9,14.8,3,0.10%
,"Campbell County, WY",56005,15,46242,Unreliable,8.4,Unreliable,8.5,0.00%
,"Fremont County, WY",56013,12,39803,Unreliable,8.7,Unreliable,9.3,0.00%
,"Laramie County, WY",56021,24,98327,24.4,5,24.7,5.1,0.10%
,"Natrona County, WY",56025,24,79547,30.2,6.2,29.9,6.2,0.10%
,"Sweetwater County, WY",56037,16,43534,Unreliable,9.2,Unreliable,9.2,0.00%
Total,,,47173,325719178,14.5,0.1,14,0.1,100.00%
---,,,,,,,,,
"Dataset: Underlying Cause of Death, 1999-2017",,,,,,,,,
Query Parameters:,,,,,,,,,
Injury Intent: Suicide,,,,,,,,,
Year/Month: 2017,,,,,,,,,
Group By: County,,,,,,,,,
Show Totals: True,,,,,,,,,
Show Zero Values: False,,,,,,,,,
Show Suppressed: False,,,,,,,,,
Standard Population: 2000 U.S. Std. Population,,,,,,,,,
"Calculate Rates Per: 100,000",,,,,,,,,
Rate Options: Default intercensal populations for years 2001-2009 (except Infant Age Groups),,,,,,,,,
---,,,,,,,,,
Help: See http://wonder.cdc.gov/wonder/help/ucd.html for more information.,,,,,,,,,
---,,,,,,,,,
"Query Date: Oct 4, 2019 10:42:03 PM",,,,,,,,,
---,,,,,,,,,
"Suggested Citation: Centers for Disease Control and Prevention, National Center for Health Statistics. Underlying Cause of Death",,,,,,,,,
"1999-2017 on CDC WONDER Online Database, released December, 2018. Data are from the Multiple Cause of Death Files, 1999-2017, as",,,,,,,,,
compiled from data provided by the 57 vital statistics jurisdictions through the Vital Statistics Cooperative Program. Accessed,,,,,,,,,
"at http://wonder.cdc.gov/ucd-icd10.html on Oct 4, 2019 10:42:03 PM",,,,,,,,,
---,,,,,,,,,
Messages:,,,,,,,,,
"1. Rows with zero Deaths are hidden, but the Population values in those rows are included in the totals. Use Quick Options above",,,,,,,,,
to show zero rows.,,,,,,,,,
"2. Rows with suppressed Deaths are hidden, but the Deaths and Population values in those rows are included in the totals. Use",,,,,,,,,
Quick Options above to show suppressed rows.,,,,,,,,,
---,,,,,,,,,
Footnotes:,,,,,,,,,
1. Data are not available for this area for all of the requested years. See Caveats below for more information.,,,,,,,,,
---,,,,,,,,,
Caveats:,,,,,,,,,
"1. Data for Prince of Wales-Outer Ketchikan Census Area, AK (FIPS code 02201), Skagway-Hoonah-Angoon Census Area, AK (FIPS code",,,,,,,,,
"02232) and Wrangell-Petersburg Census Area, AK (FIPS code 02280) are only available for 2013 and earlier; for computational",,,,,,,,,
"purposes, counts and population estimates for 2014 and later are set to zero. Thus, counts and rates shown in multi-year",,,,,,,,,
"requests for this entity do not include any data for years after 2013, only data for 2013 and earlier. More information:",,,,,,,,,
http://wonder.cdc.gov/wonder/help/ucd.html#Alaska2014.,,,,,,,,,
"2. Data for Bedford city, Va. (FIPS code 51515) are only available for 2013 and earlier; for computational purposes, counts and",,,,,,,,,
"population estimates for 2014 and later are set to zero. Thus, counts and rates shown in multi-year requests for this entity do",,,,,,,,,
"not include any data for years after 2014, only data for 2013 and earlier. More information:",,,,,,,,,
http://wonder.cdc.gov/wonder/help/ucd.html#Bedford.,,,,,,,,,
"3. Death rates for Clifton Forge city, Virginia (FIPS code 51560) are available only for 1999-2000. For 2001 and beyond, death",,,,,,,,,
"counts and population estimates for Clifton Forge city have been combined with those for Alleghany county, Virginia (FIPS code",,,,,,,,,
"51005). Death counts and population estimates for this entity from multi-year requests, only reflect data from 1999 and 2000;",,,,,,,,,
for 2001 and beyond they have been set to zero. More information: http://wonder.cdc.gov/wonder/help/ucd.html#Clifton Forge.,,,,,,,,,
"4. Deaths and population estimates are shown separately from the adjacent counties for Carson City, Nevada (FIPS code 32510).",,,,,,,,,
5. Deaths and population estimates are reported separately for Baltimore City (FIPS code 24510) and Baltimore county (FIPS code,,,,,,,,,
24005).,,,,,,,,,
6. Deaths and population estimates are reported separately for St. Louis City (FIPS code 29510) and county (FIPS code 29189).,,,,,,,,,
7. Data are Suppressed when the data meet the criteria for confidentiality constraints. More information:,,,,,,,,,
http://wonder.cdc.gov/wonder/help/ucd.html#Assurance of Confidentiality.,,,,,,,,,
8. Death rates are flagged as Unreliable when the rate is calculated with a numerator of 20 or less. More information:,,,,,,,,,
http://wonder.cdc.gov/wonder/help/ucd.html#Unreliable.,,,,,,,,,
9. The populations used to calculate standard age-adjusted rates are documented here: More information:,,,,,,,,,
http://wonder.cdc.gov/wonder/help/ucd.html#2000 Standard Population.,,,,,,,,,
10. The method used to calculate age-adjusted rates is documented here: More information:,,,,,,,,,
http://wonder.cdc.gov/wonder/help/ucd.html#Age-Adjusted Rates.,,,,,,,,,
"11. Deaths for persons of unknown age are included in counts and crude rates, but are not included in age-adjusted rates.",,,,,,,,,
12. The method used to calculate standard errors is documented here: More information:,,,,,,,,,
http://wonder.cdc.gov/wonder/help/ucd.html#Standard-Errors.,,,,,,,,,
"13. The population figures for year 2017 are bridged-race estimates of the July 1 resident population, from the Vintage 2017",,,,,,,,,
"postcensal series released by NCHS on June 27, 2018. The population figures for year 2016 are bridged-race estimates of the July",,,,,,,,,
"1 resident population, from the Vintage 2016 postcensal series released by NCHS on June 26, 2017. The population figures for",,,,,,,,,
"year 2015 are bridged-race estimates of the July 1 resident population, from the Vintage 2015 postcensal series released by NCHS",,,,,,,,,
"on June 28, 2016. The population figures for year 2014 are bridged-race estimates of the July 1 resident population, from the",,,,,,,,,
"Vintage 2014 postcensal series released by NCHS on June 30, 2015. The population figures for year 2013 are bridged-race",,,,,,,,,
"estimates of the July 1 resident population, from the Vintage 2013 postcensal series released by NCHS on June 26, 2014. The",,,,,,,,,
"population figures for year 2012 are bridged-race estimates of the July 1 resident population, from the Vintage 2012 postcensal",,,,,,,,,
"series released by NCHS on June 13, 2013. The population figures for year 2011 are bridged-race estimates of the July 1 resident",,,,,,,,,
"population, from the Vintage 2011 postcensal series released by NCHS on July 18, 2012. Population figures for 2010 are April 1",,,,,,,,,
"Census counts. The population figures for years 2001 - 2009 are bridged-race estimates of the July 1 resident population, from",,,,,,,,,
"the revised intercensal county-level 2000 - 2009 series released by NCHS on October 26, 2012. Population figures for 2000 are",,,,,,,,,
April 1 Census counts. Population figures for 1999 are from the 1990-1999 intercensal series of July 1 estimates. Population,,,,,,,,,
figures for the infant age groups are the number of live births. <br/><b>Note:</b> Rates and population figures for years 2001 -,,,,,,,,,
"2009 differ slightly from previously published reports, due to use of the population estimates which were available at the time",,,,,,,,,
of release.,,,,,,,,,
14. The population figures used in the calculation of death rates for the age group 'under 1 year' are the estimates of the,,,,,,,,,
resident population that is under one year of age. More information: http://wonder.cdc.gov/wonder/help/ucd.html#Age Group.,,,,,,,,,